amount,balance_before_txn,balance,transactionduration,is_fraud
17.55,5000.0,4982.45,4.8436,0
36.11,4982.45,4946.34,11.9418,0
103.18,4946.34,4843.16,8.2101,0
146.59,4843.16,4696.58,7.1887,0
35.89,4696.58,4660.69,4.3215,0
60.96,4660.69,4599.73,8.2318,0
40.86,4599.73,4558.87,18.7227,0
106.83,4558.87,4452.04,3.6907,0
40.82,4452.04,4411.22,1.0569,0
46.12,4411.22,4365.09,22.2051,0
42.32,4365.09,4322.78,4.554,0
20.88,4322.78,4301.9,7.3611,0
28.17,4301.9,4273.73,21.5249,0
19.75,4273.73,4253.98,0.015,0
134.88,4253.98,4119.1,10.1,0
47.51,4119.1,4071.59,26.0005,0
24.47,4071.59,4047.12,5.5057,0
33.55,4047.12,4013.57,3.2112,0
34.91,4013.57,3978.66,52.8669,0
54.18,3978.66,3924.48,36.416,0
24.71,3924.48,3899.77,5.5243,0
54.43,3899.77,3845.34,1.8774,0
143.02,3845.34,3702.32,2.7501,0
51.77,3702.32,3650.55,9.6451,0
12.74,3650.55,3637.81,7.6973,0
115.09,3637.81,3522.72,7.1053,0
179.98,3522.72,3342.74,17.5862,0
31.76,3342.74,3310.98,2.8689,0
39.22,3310.98,3271.76,7.3139,0
52.41,3271.76,3219.36,5.56,0
27.37,3219.36,3191.99,1.6177,0
26.53,3191.99,3165.45,17.9341,0
715.52,3165.45,2449.93,0.1915,1
64.31,2449.93,2385.62,17.4637,0
92.05,2385.62,2293.57,0.197,0
75.87,2293.57,2217.7,32.0397,0
47.34,2217.7,2170.36,12.1444,0
52.36,2170.36,2118.0,38.4689,0
141.08,2118.0,1976.92,26.53,0
34.02,1976.92,1942.9,22.9745,0
33.7,1942.9,1909.2,28.0594,0
17.22,1909.2,1891.98,17.3911,0
28.6,1891.98,1863.38,5.3307,0
56.39,1863.38,1806.99,14.8456,0
74.49,1806.99,1732.5,7.9718,0
50.09,1732.5,1682.4,6.7829,0
52.47,1682.4,1629.93,19.664,0
40.58,1629.93,1589.35,54.0317,0
18.5,1589.35,1570.85,17.4057,0
57.68,1570.85,1513.17,66.3175,0
86.86,1513.17,1426.31,3.2936,0
72.28,1426.31,1354.04,27.815,0
21.52,1354.04,1332.51,25.2173,0
35.81,1332.51,1296.7,24.7084,0
97.02,1296.7,1199.68,18.6561,0
19.82,1199.68,1179.86,2.3271,0
40.14,1179.86,1139.72,44.4764,0
29.92,1139.72,1109.8,0.3134,0
43.63,1109.8,1066.17,57.7853,0
35.86,1066.17,1030.31,11.1021,0
22.22,1030.31,1008.09,9.1764,0
46.87,1008.09,961.22,4.8241,0
50.14,961.22,911.08,0.1888,0
141.18,911.08,769.9,11.59,0
65.66,769.9,704.24,33.394,0
81.56,704.24,622.67,12.144,0
17.87,622.67,604.8,4.3359,0
33.37,604.8,571.43,1.0178,0
35.59,571.43,535.85,15.6981,0
15.11,535.85,520.74,2.2828,0
60.16,520.74,460.58,17.9087,0
25.3,460.58,435.27,11.3276,0
42.6,435.27,392.67,4.1812,0
13.66,392.67,379.02,2.9058,0
47.28,379.02,331.74,11.6536,0
26.16,331.74,305.58,21.1267,0
67.93,305.58,237.65,21.5619,0
78.2,237.65,159.45,8.4804,0
28.18,159.45,131.27,8.021,0
59.09,131.27,72.17,39.6588,0
80.36,72.17,-8.18,0.7555,0
52.09,-8.18,-60.27,12.8544,0
50.76,-60.27,-111.03,34.1989,0
60.69,-111.03,-171.72,73.6647,0
22.58,-171.72,-194.3,13.0085,0
31.81,-194.3,-226.11,33.4281,0
39.04,-226.11,-265.14,1.55,0
21.35,-265.14,-286.49,4.6317,0
97.53,-286.49,-384.02,7.2712,0
75.66,-384.02,-459.68,8.4187,0
151.1,-459.68,-610.77,19.5689,0
32.07,-610.77,-642.84,7.4319,0
37.32,-642.84,-680.16,2.5494,0
70.34,-680.16,-750.5,40.5898,0
118.84,-750.5,-869.35,18.0391,0
19.82,-869.35,-889.17,6.1452,0
53.89,-889.17,-943.06,4.6298,0
79.23,-943.06,-1022.29,18.9879,0
23.81,-1022.29,-1046.1,117.9375,0
40.3,-1046.1,-1086.39,4.248,0
13.9,-1086.39,-1100.29,13.1613,0
128.83,-1100.29,-1229.12,8.2518,0
67.1,-1229.12,-1296.22,22.5553,0
37.0,-1296.22,-1333.22,3.9903,0
38.41,-1333.22,-1371.64,6.7346,0
29.55,-1371.64,-1401.19,10.7584,0
21.98,-1401.19,-1423.17,2.0766,0
51.7,-1423.17,-1474.87,21.1881,0
48.66,-1474.87,-1523.53,1.528,0
55.0,-1523.53,-1578.53,10.1849,0
103.81,-1578.53,-1682.35,1.8561,0
62.32,-1682.35,-1744.66,24.512,0
41.81,-1744.66,-1786.48,107.9433,0
45.34,-1786.48,-1831.81,9.7054,0
22.59,-1831.81,-1854.41,25.7112,0
21.85,-1854.41,-1876.25,18.3044,0
22.09,-1876.25,-1898.35,17.7954,0
38.77,-1898.35,-1937.12,37.8085,0
52.71,-1937.12,-1989.83,0.028,0
38.75,-1989.83,-2028.58,48.6973,0
64.38,-2028.58,-2092.95,13.6611,0
84.15,-2092.95,-2177.1,1.1493,0
75.51,-2177.1,-2252.61,9.3768,0
64.78,-2252.61,-2317.4,26.754,0
52.99,-2317.4,-2370.39,30.6444,0
31.92,-2370.39,-2402.31,14.8332,0
65.44,-2402.31,-2467.75,19.4995,0
47.59,-2467.75,-2515.34,18.632,0
57.29,-2515.34,-2572.63,0.1952,0
137.13,-2572.63,-2709.75,8.1484,0
48.11,-2709.75,-2757.86,6.1415,0
35.88,-2757.86,-2793.74,7.7593,0
119.26,-2793.74,-2913.0,13.8063,0
109.78,-2913.0,-3022.78,9.3722,0
21.14,-3022.78,-3043.92,16.7335,0
35.21,-3043.92,-3079.13,12.7847,0
62.58,-3079.13,-3141.71,12.6203,0
26.94,-3141.71,-3168.65,7.8094,0
30.45,-3168.65,-3199.09,12.4672,0
25.82,-3199.09,-3224.92,8.1512,0
43.37,-3224.92,-3268.29,72.5954,0
67.24,-3268.29,-3335.53,5.2457,0
13.09,-3335.53,-3348.62,5.5554,0
141.87,-3348.62,-3490.49,12.2862,0
29.85,-3490.49,-3520.35,1.0999,0
53.45,-3520.35,-3573.79,9.9209,0
25.43,-3573.79,-3599.23,3.9218,0
68.25,-3599.23,-3667.48,17.4944,0
53.87,-3667.48,-3721.35,8.4141,0
19.13,-3721.35,-3740.48,10.9701,0
25.52,-3740.48,-3766.0,37.1471,0
64.57,-3766.0,-3830.57,1.6928,0
79.86,-3830.57,-3910.42,15.502,0
52.85,-3910.42,-3963.27,28.7893,0
34.0,-3963.27,-3997.27,18.5002,0
92.66,-3997.27,-4089.94,18.4766,0
35.43,-4089.94,-4125.36,4.7907,0
11.43,-4125.36,-4136.8,0.3347,0
45.33,-4136.8,-4182.13,9.9089,0
47.75,-4182.13,-4229.88,12.873,0
29.29,-4229.88,-4259.18,42.0752,0
73.01,-4259.18,-4332.19,0.0245,0
57.48,-4332.19,-4389.67,1.2771,0
75.51,-4389.67,-4465.18,8.3368,0
33.97,-4465.18,-4499.15,65.2347,0
59.47,-4499.15,-4558.62,3.894,0
28.07,-4558.62,-4586.69,8.5062,0
55.68,-4586.69,-4642.37,10.4976,0
45.67,-4642.37,-4688.03,9.3608,0
66.19,-4688.03,-4754.22,1.3241,0
98.46,-4754.22,-4852.68,6.4182,0
58.87,-4852.68,-4911.55,1.2995,0
56.45,-4911.55,-4968.01,5.4874,0
80.05,-4968.01,-5048.06,16.0522,0
74.6,-5048.06,-5122.66,26.9995,0
40.41,-5122.66,-5163.07,17.3539,0
15.62,-5163.07,-5178.68,35.847,0
13.14,-5178.68,-5191.82,6.4443,0
71.99,-5191.82,-5263.81,1.3256,0
40.18,-5263.81,-5303.99,0.9773,0
29.41,-5303.99,-5333.4,24.0077,0
77.32,-5333.4,-5410.72,59.1653,0
32.6,-5410.72,-5443.32,27.6807,0
36.63,-5443.32,-5479.95,14.1726,0
70.52,-5479.95,-5550.47,0.126,0
22.89,-5550.47,-5573.36,7.0608,0
35.6,-5573.36,-5608.95,3.4807,0
20.95,-5608.95,-5629.9,6.6617,0
12.67,-5629.9,-5642.57,6.8671,0
21.39,-5642.57,-5663.96,11.2142,0
93.93,-5663.96,-5757.89,33.8399,0
51.68,-5757.89,-5809.57,17.44,0
42.82,-5809.57,-5852.39,3.4086,0
40.59,-5852.39,-5892.98,29.1792,0
63.9,-5892.98,-5956.89,56.9921,0
59.06,-5956.89,-6015.95,10.2862,0
67.68,-6015.95,-6083.63,5.104,0
52.15,-6083.63,-6135.78,5.9345,0
13.66,-6135.78,-6149.45,1.0798,0
21.08,-6149.45,-6170.52,1.9477,0
46.44,-6170.52,-6216.97,6.0013,0
36.52,-6216.97,-6253.49,29.7006,0
52.29,-6253.49,-6305.77,5.7254,0
19.73,-6305.77,-6325.5,12.477,0
12.08,-6325.5,-6337.58,27.106,0
19.48,-6337.58,-6357.05,17.1067,0
24.15,-6357.05,-6381.2,3.5816,0
55.56,-6381.2,-6436.77,9.4891,0
27.18,-6436.77,-6463.95,19.7813,0
36.25,-6463.95,-6500.21,4.7199,0
25.79,-6500.21,-6526.0,6.4948,0
24.41,-6526.0,-6550.41,21.261,0
128.64,-6550.41,-6679.05,34.018,0
66.01,-6679.05,-6745.05,14.1246,0
27.18,-6745.05,-6772.23,1.5209,0
10.24,-6772.23,-6782.47,18.7444,0
139.1,-6782.47,-6921.58,10.6504,0
58.76,-6921.58,-6980.34,6.1198,0
155.65,-6980.34,-7135.99,12.6672,0
49.41,-7135.99,-7185.39,13.615,0
91.68,-7185.39,-7277.08,6.9966,0
36.73,-7277.08,-7313.81,21.7833,0
32.28,-7313.81,-7346.08,29.4012,0
37.44,-7346.08,-7383.52,0.6937,0
16.27,-7383.52,-7399.79,13.6982,0
111.2,-7399.79,-7510.98,43.7442,0
16.43,-7510.98,-7527.41,8.4838,0
80.34,-7527.41,-7607.76,45.2651,0
39.33,-7607.76,-7647.09,12.146,0
44.71,-7647.09,-7691.8,60.323,0
51.84,-7691.8,-7743.64,42.0341,0
167.7,-7743.64,-7911.33,11.6024,0
43.96,-7911.33,-7955.29,3.8776,0
73.47,-7955.29,-8028.76,5.7607,0
34.11,-8028.76,-8062.88,9.6102,0
28.9,-8062.88,-8091.78,30.6806,0
29.18,-8091.78,-8120.96,21.4977,0
88.13,-8120.96,-8209.09,2.6605,0
92.05,-8209.09,-8301.14,32.3209,0
18.6,-8301.14,-8319.74,6.1626,0
38.52,-8319.74,-8358.26,8.7117,0
110.62,-8358.26,-8468.88,22.6417,0
46.66,-8468.88,-8515.54,5.4723,0
56.69,-8515.54,-8572.22,33.357,0
37.86,-8572.22,-8610.08,14.8075,0
23.94,-8610.08,-8634.02,5.6956,0
18.25,-8634.02,-8652.27,3.778,0
33.36,-8652.27,-8685.63,13.6927,0
39.22,-8685.63,-8724.85,0.8374,0
451.94,-8724.85,-9176.79,0.3901,1
84.27,-9176.79,-9261.07,7.2244,0
73.98,-9261.07,-9335.05,5.0644,0
20.96,-9335.05,-9356.01,8.3562,0
66.76,-9356.01,-9422.77,23.4854,0
43.93,-9422.77,-9466.71,34.1774,0
27.24,-9466.71,-9493.94,22.3516,0
27.26,-9493.94,-9521.2,12.7863,0
88.75,-9521.2,-9609.95,19.9446,0
115.86,-9609.95,-9725.81,4.4337,0
15.02,-9725.81,-9740.84,34.6491,0
71.74,-9740.84,-9812.58,0.2114,0
104.86,-9812.58,-9917.43,0.445,0
20.38,-9917.43,-9937.82,26.2906,0
35.22,-9937.82,-9973.04,50.88,0
51.61,-9973.04,-10024.64,52.7,0
69.27,-10024.64,-10093.91,11.5386,0
15.46,-10093.91,-10109.37,22.7074,0
34.14,-10109.37,-10143.51,3.8574,0
81.36,-10143.51,-10224.87,24.3862,0
69.36,-10224.87,-10294.23,1.6027,0
26.95,-10294.23,-10321.18,48.744,0
41.68,-10321.18,-10362.86,12.1478,0
22.27,-10362.86,-10385.13,3.1754,0
72.44,-10385.13,-10457.57,38.688,0
67.72,-10457.57,-10525.29,12.7776,0
31.11,-10525.29,-10556.41,8.9756,0
25.49,-10556.41,-10581.9,2.1674,0
63.23,-10581.9,-10645.12,16.8215,0
11.51,-10645.12,-10656.64,37.3607,0
26.1,-10656.64,-10682.74,15.1497,0
21.19,-10682.74,-10703.92,8.227,0
119.7,-10703.92,-10823.62,13.9908,0
34.15,-10823.62,-10857.77,17.7161,0
60.12,-10857.77,-10917.89,58.5379,0
91.4,-10917.89,-11009.29,12.5567,0
43.13,-11009.29,-11052.41,23.9495,0
28.71,-11052.41,-11081.13,0.6097,0
19.94,-11081.13,-11101.07,12.0904,0
33.64,-11101.07,-11134.7,18.5449,0
158.65,-11134.7,-11293.35,13.0753,0
59.91,-11293.35,-11353.27,7.3647,0
84.57,-11353.27,-11437.84,10.6457,0
124.79,-11437.84,-11562.63,8.0285,0
74.04,-11562.63,-11636.67,0.6725,0
68.54,-11636.67,-11705.21,4.0992,0
118.82,-11705.21,-11824.03,15.8818,0
143.55,-11824.03,-11967.58,12.0949,0
79.34,-11967.58,-12046.91,27.1559,0
81.76,-12046.91,-12128.67,3.3642,0
25.95,-12128.67,-12154.62,4.7868,0
39.61,-12154.62,-12194.23,50.4463,0
18.7,-12194.23,-12212.94,12.9807,0
43.77,-12212.94,-12256.71,0.1731,0
71.73,-12256.71,-12328.44,2.7118,0
35.95,-12328.44,-12364.4,11.9107,0
27.1,-12364.4,-12391.49,0.7366,0
34.07,-12391.49,-12425.56,1.906,0
68.32,-12425.56,-12493.88,5.6849,0
417.39,-12493.88,-12911.27,12.6877,0
41.06,-12911.27,-12952.32,3.1391,0
74.81,-12952.32,-13027.13,43.8962,0
45.33,-13027.13,-13072.46,4.4807,0
85.24,-13072.46,-13157.7,0.1317,0
23.7,-13157.7,-13181.41,40.476,0
38.87,-13181.41,-13220.28,9.6763,0
50.99,-13220.28,-13271.26,50.112,0
58.68,-13271.26,-13329.94,42.9026,0
29.75,-13329.94,-13359.69,1.0877,0
37.32,-13359.69,-13397.01,70.7658,0
66.04,-13397.01,-13463.05,3.5421,0
48.48,-13463.05,-13511.54,27.2807,0
33.76,-13511.54,-13545.29,25.2045,0
39.32,-13545.29,-13584.61,27.5838,0
23.33,-13584.61,-13607.94,0.3699,0
95.41,-13607.94,-13703.35,5.2851,0
219.17,-13703.35,-13922.52,3.4375,0
197.29,-13922.52,-14119.81,33.7491,0
26.07,-14119.81,-14145.89,2.1913,0
29.73,-14145.89,-14175.62,17.8126,0
54.54,-14175.62,-14230.15,64.9608,0
38.64,-14230.15,-14268.79,7.7547,0
22.19,-14268.79,-14290.98,59.3465,0
83.72,-14290.98,-14374.7,15.0406,0
27.06,-14374.7,-14401.77,2.1271,0
21.66,-14401.77,-14423.42,31.0012,0
33.2,-14423.42,-14456.62,35.5226,0
58.79,-14456.62,-14515.41,21.4361,0
43.46,-14515.41,-14558.87,71.3612,0
31.03,-14558.87,-14589.91,0.5511,0
43.9,-14589.91,-14633.8,8.4464,0
60.36,-14633.8,-14694.16,0.987,0
76.16,-14694.16,-14770.32,0.4809,0
65.38,-14770.32,-14835.7,6.5316,0
40.54,-14835.7,-14876.24,0.4709,0
68.44,-14876.24,-14944.68,5.1419,0
47.36,-14944.68,-14992.04,57.4402,0
64.9,-14992.04,-15056.94,55.7994,0
16.42,-15056.94,-15073.36,1.2146,0
42.22,-15073.36,-15115.58,5.4516,0
90.55,-15115.58,-15206.13,4.8724,0
15.78,-15206.13,-15221.91,5.3989,0
83.31,-15221.91,-15305.22,1.427,0
34.67,-15305.22,-15339.89,7.2076,0
53.77,-15339.89,-15393.66,17.2561,0
85.89,-15393.66,-15479.54,15.1272,0
70.46,-15479.54,-15550.0,91.6519,0
48.96,-15550.0,-15598.95,18.7355,0
33.37,-15598.95,-15632.32,25.9324,0
86.1,-15632.32,-15718.43,33.2686,0
69.98,-15718.43,-15788.4,4.9986,0
36.66,-15788.4,-15825.07,3.6376,0
54.15,-15825.07,-15879.22,2.4709,0
139.64,-15879.22,-16018.85,2.9657,0
16.05,-16018.85,-16034.9,10.7501,0
100.88,-16034.9,-16135.78,2.5726,0
23.97,-16135.78,-16159.75,4.2265,0
44.14,-16159.75,-16203.89,39.6763,0
97.5,-16203.89,-16301.38,20.2351,0
60.44,-16301.38,-16361.82,7.0485,0
24.53,-16361.82,-16386.35,20.0177,0
68.62,-16386.35,-16454.97,16.3699,0
75.31,-16454.97,-16530.28,0.8236,0
71.05,-16530.28,-16601.33,6.4109,0
35.02,-16601.33,-16636.35,7.0945,0
28.27,-16636.35,-16664.63,2.0856,0
65.46,-16664.63,-16730.09,19.666,0
77.17,-16730.09,-16807.26,17.1598,0
21.9,-16807.26,-16829.17,5.4249,0
37.89,-16829.17,-16867.06,5.0097,0
38.79,-16867.06,-16905.85,34.9209,0
22.86,-16905.85,-16928.71,9.7191,0
81.06,-16928.71,-17009.77,17.0361,0
51.02,-17009.77,-17060.79,11.5409,0
68.92,-17060.79,-17129.72,2.8389,0
39.94,-17129.72,-17169.66,3.7405,0
59.57,-17169.66,-17229.23,9.3813,0
62.0,-17229.23,-17291.23,11.3706,0
47.79,-17291.23,-17339.02,8.9631,0
80.31,-17339.02,-17419.33,19.0367,0
50.48,-17419.33,-17469.81,32.9737,0
94.85,-17469.81,-17564.66,8.2792,0
28.92,-17564.66,-17593.57,4.3495,0
45.86,-17593.57,-17639.43,40.9477,0
34.08,-17639.43,-17673.51,17.6787,0
36.46,-17673.51,-17709.96,23.4479,0
21.08,-17709.96,-17731.04,0.7379,0
38.58,-17731.04,-17769.62,29.1522,0
34.91,-17769.62,-17804.53,15.0681,0
39.39,-17804.53,-17843.92,27.8447,0
33.22,-17843.92,-17877.15,11.4932,0
238.15,-17877.15,-18115.3,14.6118,0
21.06,-18115.3,-18136.36,10.8703,0
37.08,-18136.36,-18173.44,8.2994,0
72.74,-18173.44,-18246.17,10.1822,0
8.51,-18246.17,-18254.68,4.6288,0
32.83,-18254.68,-18287.52,52.8967,0
79.83,-18287.52,-18367.35,5.0988,0
16.82,-18367.35,-18384.17,45.6013,0
69.72,-18384.17,-18453.89,1.5398,0
28.3,-18453.89,-18482.18,36.2771,0
51.49,-18482.18,-18533.67,14.5967,0
58.74,-18533.67,-18592.4,9.5135,0
14.89,-18592.4,-18607.29,26.2014,0
27.11,-18607.29,-18634.4,20.6359,0
72.14,-18634.4,-18706.54,24.1337,0
118.73,-18706.54,-18825.27,11.4189,0
88.63,-18825.27,-18913.89,1.4892,0
709.4,-18913.89,-19623.29,0.2625,1
64.27,-19623.29,-19687.57,2.9671,0
11.92,-19687.57,-19699.49,15.7596,0
36.49,-19699.49,-19735.98,2.0839,0
38.07,-19735.98,-19774.05,46.1782,0
42.54,-19774.05,-19816.59,29.3812,0
54.95,-19816.59,-19871.55,21.2889,0
52.43,-19871.55,-19923.97,13.8558,0
49.35,-19923.97,-19973.32,2.8448,0
93.73,-19973.32,-20067.05,33.0624,0
93.23,-20067.05,-20160.28,22.7966,0
87.59,-20160.28,-20247.87,21.081,0
38.84,-20247.87,-20286.71,10.6017,0
112.9,-20286.71,-20399.6,29.3088,0
33.89,-20399.6,-20433.5,0.2492,0
46.75,-20433.5,-20480.24,8.1566,0
48.96,-20480.24,-20529.21,4.2112,0
41.08,-20529.21,-20570.29,27.4676,0
34.78,-20570.29,-20605.07,21.389,0
46.31,-20605.07,-20651.38,34.5784,0
32.93,-20651.38,-20684.32,45.0311,0
69.45,-20684.32,-20753.76,4.2593,0
32.6,-20753.76,-20786.36,38.1568,0
55.25,-20786.36,-20841.61,30.7445,0
61.93,-20841.61,-20903.55,1.6897,0
34.56,-20903.55,-20938.11,11.0189,0
128.36,-20938.11,-21066.48,42.9064,0
59.14,-21066.48,-21125.62,4.0452,0
7.07,-21125.62,-21132.69,42.782,0
25.26,-21132.69,-21157.95,2.2668,0
93.42,-21157.95,-21251.37,10.6003,0
77.3,-21251.37,-21328.67,15.1179,0
32.83,-21328.67,-21361.5,0.9117,0
30.53,-21361.5,-21392.03,6.9807,0
71.24,-21392.03,-21463.26,8.6471,0
49.81,-21463.26,-21513.08,5.9263,0
45.95,-21513.08,-21559.02,8.7631,0
39.78,-21559.02,-21598.8,42.9707,0
125.72,-21598.8,-21724.52,11.4852,0
30.21,-21724.52,-21754.73,23.6188,0
29.16,-21754.73,-21783.88,7.8977,0
25.52,-21783.88,-21809.4,24.6568,0
53.68,-21809.4,-21863.09,12.7839,0
780.13,-21863.09,-22643.22,0.1793,1
31.13,-22643.22,-22674.35,6.7254,0
87.84,-22674.35,-22762.19,39.9772,0
55.27,-22762.19,-22817.46,22.0082,0
33.87,-22817.46,-22851.33,0.5489,0
60.17,-22851.33,-22911.51,2.7241,0
33.96,-22911.51,-22945.46,3.812,0
44.13,-22945.46,-22989.59,1.4156,0
50.26,-22989.59,-23039.85,33.635,0
35.37,-23039.85,-23075.22,32.8199,0
34.58,-23075.22,-23109.8,17.5039,0
30.91,-23109.8,-23140.71,0.8921,0
45.85,-23140.71,-23186.55,29.0168,0
72.94,-23186.55,-23259.49,14.8437,0
73.1,-23259.49,-23332.59,16.4878,0
51.73,-23332.59,-23384.32,5.588,0
19.28,-23384.32,-23403.6,10.8032,0
79.75,-23403.6,-23483.34,50.9689,0
95.78,-23483.34,-23579.12,3.6944,0
28.97,-23579.12,-23608.09,1.6299,0
47.06,-23608.09,-23655.15,8.7931,0
8.3,-23655.15,-23663.45,1.3561,0
11.76,-23663.45,-23675.21,1.3507,0
52.37,-23675.21,-23727.58,25.6703,0
26.95,-23727.58,-23754.53,7.2703,0
188.52,-23754.53,-23943.05,7.0911,0
92.45,-23943.05,-24035.51,35.0089,0
60.92,-24035.51,-24096.43,14.8073,0
136.68,-24096.43,-24233.11,27.1751,0
84.98,-24233.11,-24318.08,14.3259,0
48.66,-24318.08,-24366.75,11.4238,0
105.44,-24366.75,-24472.18,4.2118,0
41.4,-24472.18,-24513.58,50.0399,0
52.95,-24513.58,-24566.53,3.6754,0
22.99,-24566.53,-24589.53,45.2213,0
61.7,-24589.53,-24651.23,3.4369,0
35.12,-24651.23,-24686.35,2.495,0
87.86,-24686.35,-24774.21,4.0139,0
58.24,-24774.21,-24832.45,4.216,0
76.37,-24832.45,-24908.82,13.4416,0
356.91,-24908.82,-25265.73,0.3633,1
11.29,-25265.73,-25277.02,10.1162,0
21.52,-25277.02,-25298.54,0.5521,0
58.34,-25298.54,-25356.88,0.064,0
67.85,-25356.88,-25424.73,23.7699,0
27.35,-25424.73,-25452.08,43.3017,0
33.95,-25452.08,-25486.03,30.113,0
54.32,-25486.03,-25540.35,20.748,0
22.94,-25540.35,-25563.29,6.2242,0
51.35,-25563.29,-25614.65,40.979,0
35.57,-25614.65,-25650.22,7.772,0
82.88,-25650.22,-25733.1,13.0485,0
24.31,-25733.1,-25757.42,1.2196,0
83.4,-25757.42,-25840.81,16.4901,0
15.68,-25840.81,-25856.49,10.2635,0
30.05,-25856.49,-25886.54,15.4918,0
19.48,-25886.54,-25906.02,16.8874,0
62.17,-25906.02,-25968.19,3.5693,0
19.19,-25968.19,-25987.38,15.6456,0
42.33,-25987.38,-26029.71,36.213,0
23.47,-26029.71,-26053.18,20.2616,0
36.81,-26053.18,-26089.99,10.3269,0
22.28,-26089.99,-26112.27,38.018,0
38.0,-26112.27,-26150.27,2.6246,0
48.54,-26150.27,-26198.81,21.8186,0
62.29,-26198.81,-26261.1,27.6461,0
22.76,-26261.1,-26283.86,1.032,0
38.44,-26283.86,-26322.3,36.4284,0
36.16,-26322.3,-26358.45,3.4403,0
87.32,-26358.45,-26445.77,2.92,0
774.74,-26445.77,-27220.52,0.4087,1
61.48,-27220.52,-27282.0,9.6736,0
23.98,-27282.0,-27305.98,6.9685,0
31.12,-27305.98,-27337.1,10.1387,0
64.08,-27337.1,-27401.18,2.8036,0
78.71,-27401.18,-27479.88,6.2943,0
22.92,-27479.88,-27502.8,6.4095,0
36.26,-27502.8,-27539.06,3.9313,0
37.78,-27539.06,-27576.84,7.4213,0
80.21,-27576.84,-27657.04,33.1897,0
52.37,-27657.04,-27709.42,0.0551,0
54.76,-27709.42,-27764.17,0.0031,0
37.61,-27764.17,-27801.78,16.7718,0
63.96,-27801.78,-27865.74,7.8886,0
37.89,-27865.74,-27903.63,15.4951,0
34.1,-27903.63,-27937.73,19.1273,0
20.25,-27937.73,-27957.98,91.6839,0
105.13,-27957.98,-28063.11,29.2961,0
63.81,-28063.11,-28126.92,1.46,0
33.9,-28126.92,-28160.82,5.3338,0
41.52,-28160.82,-28202.34,5.2846,0
77.85,-28202.34,-28280.19,9.3125,0
24.39,-28280.19,-28304.59,7.6284,0
95.97,-28304.59,-28400.56,11.0213,0
32.74,-28400.56,-28433.3,4.0338,0
31.52,-28433.3,-28464.82,0.9714,0
60.47,-28464.82,-28525.29,2.0526,0
139.06,-28525.29,-28664.35,18.8773,0
88.32,-28664.35,-28752.67,10.0883,0
41.34,-28752.67,-28794.01,23.5399,0
38.06,-28794.01,-28832.07,5.0395,0
44.58,-28832.07,-28876.64,20.3076,0
60.46,-28876.64,-28937.1,17.2729,0
45.95,-28937.1,-28983.05,2.5276,0
38.95,-28983.05,-29022.01,2.7789,0
129.81,-29022.01,-29151.81,14.5555,0
40.48,-29151.81,-29192.29,23.8397,0
22.79,-29192.29,-29215.08,1.4613,0
61.12,-29215.08,-29276.2,24.7991,0
24.48,-29276.2,-29300.68,6.2359,0
209.73,-29300.68,-29510.41,11.2153,0
34.92,-29510.41,-29545.33,65.3479,0
99.65,-29545.33,-29644.99,7.831,0
102.58,-29644.99,-29747.57,28.0596,0
29.99,-29747.57,-29777.55,6.962,0
414.38,-29777.55,-30191.94,0.222,1
34.33,-30191.94,-30226.27,2.4278,0
16.04,-30226.27,-30242.3,5.4183,0
107.75,-30242.3,-30350.05,8.9928,0
58.14,-30350.05,-30408.19,44.178,0
31.35,-30408.19,-30439.54,23.3085,0
105.26,-30439.54,-30544.8,40.1566,0
20.28,-30544.8,-30565.08,2.9481,0
107.78,-30565.08,-30672.86,6.1057,0
54.18,-30672.86,-30727.04,20.9889,0
11.31,-30727.04,-30738.35,17.1212,0
53.83,-30738.35,-30792.18,9.6461,0
22.72,-30792.18,-30814.9,32.6954,0
71.28,-30814.9,-30886.19,10.0482,0
96.27,-30886.19,-30982.46,10.6267,0
74.21,-30982.46,-31056.66,46.4244,0
18.2,-31056.66,-31074.86,24.0876,0
41.97,-31074.86,-31116.82,9.9719,0
95.08,-31116.82,-31211.9,29.6078,0
88.79,-31211.9,-31300.69,15.3721,0
22.8,-31300.69,-31323.49,6.6113,0
73.73,-31323.49,-31397.21,8.2113,0
76.68,-31397.21,-31473.89,4.1825,0
31.78,-31473.89,-31505.67,6.2534,0
22.48,-31505.67,-31528.15,48.5424,0
47.78,-31528.15,-31575.93,8.5215,0
21.41,-31575.93,-31597.34,12.9107,0
56.31,-31597.34,-31653.65,15.6543,0
101.31,-31653.65,-31754.96,4.9501,0
16.42,-31754.96,-31771.38,19.3734,0
82.52,-31771.38,-31853.9,1.1873,0
87.94,-31853.9,-31941.84,0.605,0
35.33,-31941.84,-31977.17,0.8327,0
41.5,-31977.17,-32018.67,8.9427,0
84.77,-32018.67,-32103.44,8.8469,0
92.66,-32103.44,-32196.11,0.8677,0
26.62,-32196.11,-32222.73,1.5748,0
42.24,-32222.73,-32264.97,8.8759,0
99.19,-32264.97,-32364.17,9.1503,0
36.36,-32364.17,-32400.53,9.6963,0
41.28,-32400.53,-32441.81,78.997,0
28.32,-32441.81,-32470.13,14.5911,0
96.68,-32470.13,-32566.81,1.228,0
23.58,-32566.81,-32590.39,19.8903,0
25.37,-32590.39,-32615.76,2.7363,0
38.59,-32615.76,-32654.35,33.5088,0
24.29,-32654.35,-32678.63,3.9013,0
38.54,-32678.63,-32717.17,0.9942,0
32.5,-32717.17,-32749.68,10.6492,0
8.56,-32749.68,-32758.24,18.4641,0
15.54,-32758.24,-32773.78,10.3619,0
36.17,-32773.78,-32809.95,32.7338,0
31.16,-32809.95,-32841.11,44.3203,0
43.63,-32841.11,-32884.74,9.0703,0
45.96,-32884.74,-32930.7,3.9069,0
27.15,-32930.7,-32957.85,36.3478,0
18.65,-32957.85,-32976.49,53.875,0
32.64,-32976.49,-33009.13,23.595,0
112.26,-33009.13,-33121.39,27.5163,0
55.95,-33121.39,-33177.34,7.4443,0
143.22,-33177.34,-33320.56,14.0607,0
104.4,-33320.56,-33424.96,4.218,0
36.16,-33424.96,-33461.12,19.5247,0
24.87,-33461.12,-33485.99,9.7085,0
42.5,-33485.99,-33528.49,31.277,0
13.92,-33528.49,-33542.41,16.935,0
26.73,-33542.41,-33569.13,26.851,0
162.41,-33569.13,-33731.54,6.4192,0
41.63,-33731.54,-33773.17,19.1772,0
120.87,-33773.17,-33894.04,12.7325,0
38.64,-33894.04,-33932.69,1.2406,0
51.64,-33932.69,-33984.32,6.602,0
69.0,-33984.32,-34053.32,13.7018,0
35.74,-34053.32,-34089.07,22.5989,0
81.35,-34089.07,-34170.42,13.3901,0
88.83,-34170.42,-34259.25,25.0855,0
60.41,-34259.25,-34319.67,37.7469,0
55.54,-34319.67,-34375.2,7.0642,0
68.79,-34375.2,-34443.99,7.3783,0
42.19,-34443.99,-34486.18,12.7207,0
219.12,-34486.18,-34705.3,20.2805,0
57.8,-34705.3,-34763.1,15.6557,0
61.79,-34763.1,-34824.89,20.3672,0
27.18,-34824.89,-34852.08,23.7445,0
29.47,-34852.08,-34881.55,32.0258,0
58.57,-34881.55,-34940.12,19.5035,0
29.21,-34940.12,-34969.33,8.4314,0
40.3,-34969.33,-35009.63,22.1292,0
21.42,-35009.63,-35031.05,27.2695,0
53.1,-35031.05,-35084.15,9.1372,0
48.82,-35084.15,-35132.97,0.6484,0
135.29,-35132.97,-35268.26,28.5053,0
20.12,-35268.26,-35288.39,17.0562,0
92.89,-35288.39,-35381.27,10.9821,0
35.35,-35381.27,-35416.62,2.1974,0
46.24,-35416.62,-35462.86,29.056,0
75.07,-35462.86,-35537.93,28.1657,0
55.35,-35537.93,-35593.29,4.7034,0
43.76,-35593.29,-35637.05,10.5451,0
9.79,-35637.05,-35646.84,28.5872,0
39.72,-35646.84,-35686.56,23.4606,0
44.27,-35686.56,-35730.83,15.6021,0
30.15,-35730.83,-35760.98,21.1467,0
39.01,-35760.98,-35799.99,7.8322,0
62.16,-35799.99,-35862.16,36.213,0
25.19,-35862.16,-35887.35,28.6609,0
103.81,-35887.35,-35991.16,4.1445,0
80.6,-35991.16,-36071.76,3.2226,0
45.1,-36071.76,-36116.86,10.886,0
15.99,-36116.86,-36132.85,4.5253,0
26.83,-36132.85,-36159.68,5.3364,0
94.65,-36159.68,-36254.33,54.3658,0
52.85,-36254.33,-36307.18,8.5084,0
83.3,-36307.18,-36390.48,11.9318,0
15.23,-36390.48,-36405.71,0.451,0
65.33,-36405.71,-36471.04,51.0982,0
54.38,-36471.04,-36525.42,4.2554,0
25.55,-36525.42,-36550.97,8.8517,0
29.75,-36550.97,-36580.72,6.3181,0
30.31,-36580.72,-36611.03,21.9889,0
16.42,-36611.03,-36627.45,15.9069,0
27.34,-36627.45,-36654.79,7.2436,0
45.18,-36654.79,-36699.97,2.6817,0
15.4,-36699.97,-36715.37,2.7561,0
58.37,-36715.37,-36773.74,3.0412,0
50.83,-36773.74,-36824.57,1.5752,0
20.11,-36824.57,-36844.67,9.1148,0
88.54,-36844.67,-36933.21,87.7207,0
47.65,-36933.21,-36980.86,10.7992,0
37.47,-36980.86,-37018.32,28.4796,0
41.52,-37018.32,-37059.85,17.6696,0
57.17,-37059.85,-37117.02,6.541,0
22.52,-37117.02,-37139.54,11.9209,0
24.85,-37139.54,-37164.38,19.085,0
47.75,-37164.38,-37212.13,5.0392,0
33.35,-37212.13,-37245.48,25.8434,0
15.13,-37245.48,-37260.61,39.9224,0
34.93,-37260.61,-37295.54,77.7017,0
56.34,-37295.54,-37351.88,62.1676,0
32.82,-37351.88,-37384.7,2.2094,0
98.16,-37384.7,-37482.86,10.2778,0
194.96,-37482.86,-37677.82,28.4604,0
147.89,-37677.82,-37825.71,6.6836,0
32.6,-37825.71,-37858.31,31.6675,0
81.12,-37858.31,-37939.43,4.9363,0
32.46,-37939.43,-37971.89,14.0283,0
194.67,-37971.89,-38166.56,17.4598,0
14.49,-38166.56,-38181.05,13.271,0
46.48,-38181.05,-38227.53,17.306,0
62.3,-38227.53,-38289.83,26.7712,0
29.33,-38289.83,-38319.16,66.5382,0
20.71,-38319.16,-38339.87,4.3656,0
33.82,-38339.87,-38373.69,23.3019,0
31.64,-38373.69,-38405.33,12.9286,0
60.72,-38405.33,-38466.06,44.2289,0
44.17,-38466.06,-38510.23,32.4136,0
586.93,-38510.23,-39097.16,0.2679,1
78.54,-39097.16,-39175.69,26.4096,0
15.89,-39175.69,-39191.58,23.5881,0
53.43,-39191.58,-39245.01,20.339,0
67.05,-39245.01,-39312.06,2.7118,0
30.71,-39312.06,-39342.77,3.1916,0
68.53,-39342.77,-39411.29,44.9214,0
32.98,-39411.29,-39444.27,26.6034,0
51.42,-39444.27,-39495.69,25.5631,0
50.79,-39495.69,-39546.49,8.5809,0
57.05,-39546.49,-39603.53,32.6842,0
57.15,-39603.53,-39660.68,3.787,0
23.32,-39660.68,-39684.0,7.2165,0
523.96,-39684.0,-40207.96,0.117,1
37.97,-40207.96,-40245.93,62.4578,0
34.46,-40245.93,-40280.39,24.1758,0
42.7,-40280.39,-40323.09,10.9963,0
74.76,-40323.09,-40397.85,20.2368,0
62.3,-40397.85,-40460.16,32.0138,0
61.63,-40460.16,-40521.79,7.0028,0
48.4,-40521.79,-40570.19,7.4446,0
42.2,-40570.19,-40612.4,11.3714,0
28.04,-40612.4,-40640.44,13.9102,0
15.06,-40640.44,-40655.5,32.0183,0
81.52,-40655.5,-40737.03,7.2473,0
725.79,-40737.03,-41462.82,0.07,1
67.86,-41462.82,-41530.68,2.3971,0
80.91,-41530.68,-41611.59,7.2426,0
118.08,-41611.59,-41729.67,0.5197,0
24.2,-41729.67,-41753.87,73.557,0
61.18,-41753.87,-41815.05,46.7569,0
32.4,-41815.05,-41847.45,3.9894,0
44.51,-41847.45,-41891.96,4.6841,0
45.14,-41891.96,-41937.1,0.1973,0
37.05,-41937.1,-41974.15,11.6039,0
36.06,-41974.15,-42010.21,6.5362,0
71.36,-42010.21,-42081.57,29.5626,0
124.43,-42081.57,-42206.01,0.6619,0
18.22,-42206.01,-42224.23,0.2847,0
235.77,-42224.23,-42460.0,9.5193,0
58.51,-42460.0,-42518.5,2.0248,0
80.3,-42518.5,-42598.81,22.9144,0
27.29,-42598.81,-42626.1,12.8627,0
59.25,-42626.1,-42685.35,33.6321,0
35.3,-42685.35,-42720.65,2.0369,0
50.18,-42720.65,-42770.83,14.2943,0
16.38,-42770.83,-42787.21,12.3223,0
17.82,-42787.21,-42805.03,23.3926,0
51.21,-42805.03,-42856.24,1.5621,0
73.56,-42856.24,-42929.79,59.2478,0
24.38,-42929.79,-42954.18,5.4372,0
17.66,-42954.18,-42971.83,16.0606,0
26.76,-42971.83,-42998.6,11.684,0
51.83,-42998.6,-43050.43,53.9378,0
76.36,-43050.43,-43126.79,1.5305,0
94.12,-43126.79,-43220.9,0.2692,0
23.33,-43220.9,-43244.23,8.8372,0
37.01,-43244.23,-43281.24,3.3191,0
24.3,-43281.24,-43305.54,51.8488,0
257.18,-43305.54,-43562.71,1.7844,0
26.93,-43562.71,-43589.65,10.2592,0
27.46,-43589.65,-43617.11,22.0781,0
114.93,-43617.11,-43732.04,14.5605,0
46.81,-43732.04,-43778.85,34.4243,0
17.08,-43778.85,-43795.93,21.0531,0
113.23,-43795.93,-43909.16,4.2638,0
43.84,-43909.16,-43952.99,12.8915,0
57.58,-43952.99,-44010.57,35.7155,0
31.6,-44010.57,-44042.17,4.6066,0
95.98,-44042.17,-44138.15,0.1951,0
96.41,-44138.15,-44234.56,4.5197,0
205.2,-44234.56,-44439.76,1.0346,0
99.02,-44439.76,-44538.78,18.0579,0
27.6,-44538.78,-44566.38,1.0906,0
46.6,-44566.38,-44612.97,58.2068,0
54.87,-44612.97,-44667.84,42.283,0
32.59,-44667.84,-44700.43,31.1239,0
69.27,-44700.43,-44769.7,46.5028,0
69.24,-44769.7,-44838.94,5.3291,0
45.22,-44838.94,-44884.16,10.1063,0
10.58,-44884.16,-44894.74,19.1399,0
51.44,-44894.74,-44946.18,22.5037,0
47.29,-44946.18,-44993.47,14.0202,0
30.84,-44993.47,-45024.32,2.2941,0
13.03,-45024.32,-45037.34,39.1788,0
47.31,-45037.34,-45084.65,36.9498,0
53.87,-45084.65,-45138.52,80.404,0
25.08,-45138.52,-45163.6,34.6911,0
48.66,-45163.6,-45212.26,34.4649,0
41.4,-45212.26,-45253.66,20.7145,0
53.92,-45253.66,-45307.58,20.7595,0
26.58,-45307.58,-45334.16,1.575,0
54.82,-45334.16,-45388.98,16.3043,0
49.07,-45388.98,-45438.05,6.6734,0
50.39,-45438.05,-45488.44,8.7493,0
43.6,-45488.44,-45532.04,23.3233,0
59.4,-45532.04,-45591.45,22.8487,0
24.75,-45591.45,-45616.19,7.8143,0
30.63,-45616.19,-45646.82,25.7299,0
47.19,-45646.82,-45694.02,35.284,0
18.99,-45694.02,-45713.01,1.5272,0
45.03,-45713.01,-45758.04,19.2466,0
46.86,-45758.04,-45804.9,5.3042,0
98.26,-45804.9,-45903.15,23.7179,0
185.76,-45903.15,-46088.92,8.6793,0
31.0,-46088.92,-46119.92,1.9502,0
20.26,-46119.92,-46140.18,6.5929,0
59.67,-46140.18,-46199.85,40.9878,0
80.21,-46199.85,-46280.05,3.2176,0
58.46,-46280.05,-46338.51,0.4858,0
82.63,-46338.51,-46421.14,36.6005,0
81.68,-46421.14,-46502.82,8.1418,0
61.46,-46502.82,-46564.28,37.4891,0
16.2,-46564.28,-46580.48,19.2396,0
54.88,-46580.48,-46635.36,15.8922,0
46.05,-46635.36,-46681.41,10.5884,0
50.5,-46681.41,-46731.91,49.0728,0
31.25,-46731.91,-46763.16,38.1831,0
24.78,-46763.16,-46787.93,2.5399,0
53.0,-46787.93,-46840.94,8.5443,0
140.02,-46840.94,-46980.96,5.7119,0
32.27,-46980.96,-47013.23,12.4333,0
50.75,-47013.23,-47063.98,15.7673,0
51.44,-47063.98,-47115.42,30.9668,0
24.27,-47115.42,-47139.68,4.1997,0
84.63,-47139.68,-47224.32,16.8171,0
50.07,-47224.32,-47274.39,43.4547,0
41.75,-47274.39,-47316.15,17.1354,0
58.11,-47316.15,-47374.25,7.0639,0
49.69,-47374.25,-47423.94,18.9788,0
58.94,-47423.94,-47482.88,2.0258,0
34.06,-47482.88,-47516.94,17.9466,0
34.23,-47516.94,-47551.17,6.7357,0
85.95,-47551.17,-47637.12,45.7843,0
26.93,-47637.12,-47664.05,9.6102,0
66.12,-47664.05,-47730.18,5.9889,0
50.3,-47730.18,-47780.48,2.1456,0
66.19,-47780.48,-47846.67,2.6924,0
57.61,-47846.67,-47904.27,2.2761,0
42.75,-47904.27,-47947.02,34.4268,0
95.44,-47947.02,-48042.46,7.159,0
55.9,-48042.46,-48098.36,14.2647,0
75.42,-48098.36,-48173.79,3.8348,0
30.17,-48173.79,-48203.95,30.8162,0
54.63,-48203.95,-48258.58,14.5222,0
83.59,-48258.58,-48342.17,24.2083,0
25.76,-48342.17,-48367.93,0.1758,0
22.89,-48367.93,-48390.82,2.04,0
115.94,-48390.82,-48506.77,72.1467,0
17.79,-48506.77,-48524.56,9.3999,0
44.87,-48524.56,-48569.43,7.6464,0
65.8,-48569.43,-48635.22,1.125,0
55.28,-48635.22,-48690.5,24.3312,0
44.21,-48690.5,-48734.71,6.5095,0
51.92,-48734.71,-48786.63,30.9455,0
64.96,-48786.63,-48851.59,22.5845,0
34.95,-48851.59,-48886.53,18.092,0
45.35,-48886.53,-48931.89,19.9946,0
175.95,-48931.89,-49107.84,50.7754,0
76.44,-49107.84,-49184.27,11.6987,0
62.4,-49184.27,-49246.67,46.326,0
76.7,-49246.67,-49323.37,30.2243,0
23.05,-49323.37,-49346.42,11.9687,0
96.77,-49346.42,-49443.19,29.8009,0
117.62,-49443.19,-49560.81,7.6405,0
26.16,-49560.81,-49586.98,3.949,0
61.25,-49586.98,-49648.23,18.3507,0
34.94,-49648.23,-49683.17,27.3377,0
41.65,-49683.17,-49724.82,23.066,0
51.75,-49724.82,-49776.57,3.9283,0
42.5,-49776.57,-49819.08,1.3139,0
13.45,-49819.08,-49832.53,21.4392,0
40.46,-49832.53,-49872.99,15.4578,0
31.25,-49872.99,-49904.24,4.2898,0
51.88,-49904.24,-49956.12,21.2411,0
28.25,-49956.12,-49984.38,50.6372,0
38.54,-49984.38,-50022.92,0.3374,0
59.4,-50022.92,-50082.31,37.7992,0
138.99,-50082.31,-50221.31,5.7803,0
102.21,-50221.31,-50323.51,5.5815,0
67.1,-50323.51,-50390.62,9.6017,0
28.94,-50390.62,-50419.56,1.0681,0
41.3,-50419.56,-50460.86,6.3282,0
89.63,-50460.86,-50550.49,8.5519,0
50.56,-50550.49,-50601.05,10.6775,0
41.21,-50601.05,-50642.26,79.8626,0
34.62,-50642.26,-50676.88,16.7269,0
309.38,-50676.88,-50986.26,0.147,1
18.35,-50986.26,-51004.6,11.5057,0
44.19,-51004.6,-51048.79,52.0854,0
23.94,-51048.79,-51072.73,60.3889,0
57.41,-51072.73,-51130.14,0.4408,0
35.01,-51130.14,-51165.14,9.2698,0
48.17,-51165.14,-51213.31,42.4736,0
96.81,-51213.31,-51310.12,1.0497,0
24.26,-51310.12,-51334.38,0.9187,0
64.1,-51334.38,-51398.48,27.3214,0
92.2,-51398.48,-51490.68,7.0938,0
32.45,-51490.68,-51523.13,2.2636,0
36.25,-51523.13,-51559.38,9.8952,0
18.13,-51559.38,-51577.51,39.0762,0
33.99,-51577.51,-51611.5,7.7841,0
52.6,-51611.5,-51664.1,13.5668,0
43.06,-51664.1,-51707.16,40.2779,0
33.88,-51707.16,-51741.05,10.6271,0
49.87,-51741.05,-51790.92,20.3869,0
26.5,-51790.92,-51817.42,17.23,0
44.63,-51817.42,-51862.05,11.6159,0
18.46,-51862.05,-51880.51,4.2648,0
49.65,-51880.51,-51930.16,20.4712,0
32.72,-51930.16,-51962.88,13.2254,0
23.12,-51962.88,-51986.0,29.9507,0
46.05,-51986.0,-52032.05,2.0105,0
34.2,-52032.05,-52066.25,12.3631,0
31.41,-52066.25,-52097.66,36.927,0
24.25,-52097.66,-52121.91,10.5756,0
41.25,-52121.91,-52163.16,18.5251,0
24.41,-52163.16,-52187.57,20.0799,0
32.11,-52187.57,-52219.69,20.8634,0
16.9,-52219.69,-52236.59,6.6166,0
57.59,-52236.59,-52294.18,30.6081,0
35.33,-52294.18,-52329.51,20.3497,0
33.83,-52329.51,-52363.33,15.4914,0
136.77,-52363.33,-52500.1,5.6364,0
95.33,-52500.1,-52595.43,11.7875,0
44.01,-52595.43,-52639.44,3.4799,0
45.98,-52639.44,-52685.43,8.4172,0
16.87,-52685.43,-52702.29,10.533,0
41.02,-52702.29,-52743.31,12.2658,0
23.93,-52743.31,-52767.25,5.3515,0
31.27,-52767.25,-52798.52,3.1503,0
183.29,-52798.52,-52981.81,1.1487,0
15.07,-52981.81,-52996.88,19.8989,0
38.62,-52996.88,-53035.49,39.681,0
44.83,-53035.49,-53080.32,12.1248,0
32.63,-53080.32,-53112.95,5.6081,0
81.34,-53112.95,-53194.29,87.2765,0
64.73,-53194.29,-53259.02,9.0806,0
110.29,-53259.02,-53369.32,36.6157,0
35.84,-53369.32,-53405.16,5.8213,0
124.39,-53405.16,-53529.55,9.0734,0
38.39,-53529.55,-53567.94,0.7929,0
62.29,-53567.94,-53630.23,22.1594,0
37.97,-53630.23,-53668.21,3.6087,0
62.41,-53668.21,-53730.62,38.9872,0
65.92,-53730.62,-53796.54,10.234,0
29.43,-53796.54,-53825.97,16.9437,0
163.02,-53825.97,-53988.99,1.98,0
80.04,-53988.99,-54069.04,10.5733,0
54.3,-54069.04,-54123.33,15.1944,0
47.37,-54123.33,-54170.7,0.1384,0
44.16,-54170.7,-54214.87,22.4863,0
25.2,-54214.87,-54240.06,0.0626,0
59.54,-54240.06,-54299.6,1.268,0
64.99,-54299.6,-54364.59,6.7822,0
37.71,-54364.59,-54402.31,30.8897,0
75.62,-54402.31,-54477.93,8.0086,0
99.59,-54477.93,-54577.51,2.0676,0
75.24,-54577.51,-54652.75,39.6703,0
24.94,-54652.75,-54677.69,2.9556,0
84.17,-54677.69,-54761.87,18.1047,0
91.52,-54761.87,-54853.39,1.787,0
17.08,-54853.39,-54870.47,2.7717,0
88.21,-54870.47,-54958.68,15.3897,0
96.15,-54958.68,-55054.82,29.3179,0
190.25,-55054.82,-55245.08,22.8635,0
45.25,-55245.08,-55290.32,7.8529,0
127.58,-55290.32,-55417.9,12.7258,0
40.18,-55417.9,-55458.08,10.0192,0
36.41,-55458.08,-55494.49,9.5593,0
41.35,-55494.49,-55535.85,14.8845,0
147.64,-55535.85,-55683.49,6.4653,0
81.1,-55683.49,-55764.59,2.6495,0
164.56,-55764.59,-55929.15,2.2268,0
45.71,-55929.15,-55974.86,30.0652,0
130.37,-55974.86,-56105.23,6.6618,0
14.47,-56105.23,-56119.69,26.9567,0
75.59,-56119.69,-56195.28,18.3454,0
32.39,-56195.28,-56227.68,20.0648,0
26.3,-56227.68,-56253.97,14.0388,0
39.36,-56253.97,-56293.34,3.5362,0
46.26,-56293.34,-56339.6,3.8857,0
20.61,-56339.6,-56360.2,17.9317,0
32.78,-56360.2,-56392.98,0.5275,0
60.84,-56392.98,-56453.83,2.5372,0
85.77,-56453.83,-56539.6,2.5257,0
50.96,-56539.6,-56590.55,8.9503,0
61.89,-56590.55,-56652.44,25.6283,0
102.64,-56652.44,-56755.08,70.5858,0
14.4,-56755.08,-56769.48,10.4768,0
99.87,-56769.48,-56869.35,42.993,0
60.11,-56869.35,-56929.46,10.799,0
64.86,-56929.46,-56994.32,4.8303,0
31.47,-56994.32,-57025.79,5.6032,0
31.45,-57025.79,-57057.24,17.2111,0
49.66,-57057.24,-57106.9,7.3518,0
33.13,-57106.9,-57140.03,15.1665,0
48.1,-57140.03,-57188.13,11.0887,0
87.93,-57188.13,-57276.06,31.5969,0
50.04,-57276.06,-57326.1,2.0135,0
34.54,-57326.1,-57360.64,23.0961,0
18.62,-57360.64,-57379.26,1.2887,0
100.48,-57379.26,-57479.74,8.5754,0
34.5,-57479.74,-57514.24,38.0845,0
51.18,-57514.24,-57565.42,24.7723,0
42.64,-57565.42,-57608.06,8.4518,0
31.17,-57608.06,-57639.23,74.4427,0
48.9,-57639.23,-57688.13,31.4524,0
69.74,-57688.13,-57757.87,10.3535,0
59.17,-57757.87,-57817.04,4.3625,0
21.39,-57817.04,-57838.43,30.5544,0
31.35,-57838.43,-57869.78,17.0662,0
76.05,-57869.78,-57945.83,33.8585,0
46.53,-57945.83,-57992.36,32.6421,0
95.82,-57992.36,-58088.18,33.6675,0
117.83,-58088.18,-58206.01,3.3439,0
66.94,-58206.01,-58272.95,18.5449,0
117.79,-58272.95,-58390.74,8.1814,0
48.81,-58390.74,-58439.55,76.0011,0
166.47,-58439.55,-58606.02,10.1305,0
78.96,-58606.02,-58684.98,2.2634,0
50.96,-58684.98,-58735.94,4.1058,0
23.62,-58735.94,-58759.56,57.8306,0
27.18,-58759.56,-58786.74,5.9339,0
56.05,-58786.74,-58842.78,1.1412,0
423.81,-58842.78,-59266.6,0.0558,1
64.14,-59266.6,-59330.74,6.524,0
44.83,-59330.74,-59375.57,39.0507,0
29.02,-59375.57,-59404.59,13.4089,0
34.17,-59404.59,-59438.76,5.0529,0
125.31,-59438.76,-59564.06,3.0792,0
100.14,-59564.06,-59664.2,0.99,0
21.11,-59664.2,-59685.31,21.6054,0
49.24,-59685.31,-59734.55,14.4197,0
33.73,-59734.55,-59768.28,48.5743,0
103.03,-59768.28,-59871.31,33.1849,0
17.01,-59871.31,-59888.32,1.0192,0
38.34,-59888.32,-59926.66,14.4883,0
44.63,-59926.66,-59971.29,22.8265,0
37.05,-59971.29,-60008.34,30.6851,0
82.75,-60008.34,-60091.09,24.3508,0
71.74,-60091.09,-60162.83,17.7484,0
35.78,-60162.83,-60198.61,19.574,0
37.46,-60198.61,-60236.07,1.011,0
30.29,-60236.07,-60266.36,21.7474,0
13.12,-60266.36,-60279.48,36.299,0
47.65,-60279.48,-60327.13,25.223,0
76.78,-60327.13,-60403.91,4.8569,0
40.59,-60403.91,-60444.5,25.4133,0
61.65,-60444.5,-60506.15,3.6471,0
84.61,-60506.15,-60590.76,22.439,0
48.83,-60590.76,-60639.58,2.7871,0
55.62,-60639.58,-60695.2,28.4927,0
28.54,-60695.2,-60723.74,24.2152,0
22.68,-60723.74,-60746.42,3.6931,0
147.97,-60746.42,-60894.39,21.9681,0
46.19,-60894.39,-60940.59,9.4748,0
28.28,-60940.59,-60968.87,12.8953,0
37.35,-60968.87,-61006.22,23.5999,0
97.35,-61006.22,-61103.57,4.869,0
43.31,-61103.57,-61146.88,53.2363,0
112.2,-61146.88,-61259.08,15.6826,0
19.69,-61259.08,-61278.77,58.1397,0
67.08,-61278.77,-61345.85,15.1381,0
83.95,-61345.85,-61429.8,25.0877,0
110.97,-61429.8,-61540.77,14.6527,0
97.34,-61540.77,-61638.12,74.671,0
42.05,-61638.12,-61680.17,9.4949,0
523.71,-61680.17,-62203.88,0.3847,1
24.3,-62203.88,-62228.17,13.1323,0
196.22,-62228.17,-62424.4,3.1979,0
79.09,-62424.4,-62503.49,15.9868,0
27.57,-62503.49,-62531.06,15.7814,0
31.45,-62531.06,-62562.51,15.801,0
43.35,-62562.51,-62605.86,1.2345,0
39.52,-62605.86,-62645.38,7.6305,0
35.41,-62645.38,-62680.78,3.1387,0
23.95,-62680.78,-62704.74,5.1323,0
35.01,-62704.74,-62739.75,4.6914,0
53.14,-62739.75,-62792.89,0.8252,0
95.09,-62792.89,-62887.98,15.9614,0
510.94,-62887.98,-63398.91,0.2132,1
33.96,-63398.91,-63432.88,4.0867,0
60.05,-63432.88,-63492.92,31.0441,0
18.49,-63492.92,-63511.41,4.8132,0
54.34,-63511.41,-63565.75,9.8572,0
105.09,-63565.75,-63670.84,9.2619,0
56.26,-63670.84,-63727.1,2.6659,0
42.88,-63727.1,-63769.98,5.7838,0
35.86,-63769.98,-63805.84,1.5879,0
59.88,-63805.84,-63865.73,12.3756,0
104.53,-63865.73,-63970.25,17.4315,0
76.06,-63970.25,-64046.32,4.5119,0
33.05,-64046.32,-64079.37,18.2633,0
52.69,-64079.37,-64132.06,0.3613,0
41.67,-64132.06,-64173.74,35.4338,0
53.44,-64173.74,-64227.18,46.8663,0
40.29,-64227.18,-64267.47,12.94,0
30.09,-64267.47,-64297.57,5.7115,0
41.99,-64297.57,-64339.55,7.9953,0
28.96,-64339.55,-64368.51,9.5435,0
27.01,-64368.51,-64395.52,20.6301,0
149.56,-64395.52,-64545.08,0.7686,0
36.65,-64545.08,-64581.73,18.2252,0
56.0,-64581.73,-64637.73,41.6548,0
52.61,-64637.73,-64690.34,12.5617,0
16.46,-64690.34,-64706.8,35.0945,0
91.65,-64706.8,-64798.46,4.6031,0
25.92,-64798.46,-64824.38,1.7952,0
465.7,-64824.38,-65290.08,0.1328,1
27.63,-65290.08,-65317.72,6.3196,0
29.89,-65317.72,-65347.61,35.518,0
51.01,-65347.61,-65398.61,21.4643,0
30.06,-65398.61,-65428.68,20.8557,0
102.74,-65428.68,-65531.41,14.8561,0
46.05,-65531.41,-65577.46,28.8683,0
40.6,-65577.46,-65618.06,46.6025,0
34.28,-65618.06,-65652.34,7.9998,0
46.11,-65652.34,-65698.44,8.3503,0
34.95,-65698.44,-65733.39,0.4542,0
30.1,-65733.39,-65763.49,9.5753,0
37.21,-65763.49,-65800.69,57.3217,0
29.76,-65800.69,-65830.45,23.6271,0
57.76,-65830.45,-65888.21,24.0226,0
22.75,-65888.21,-65910.96,23.3205,0
27.68,-65910.96,-65938.64,6.1392,0
21.83,-65938.64,-65960.47,18.1632,0
50.46,-65960.47,-66010.93,16.2683,0
95.3,-66010.93,-66106.24,12.0017,0
26.65,-66106.24,-66132.89,32.8793,0
102.27,-66132.89,-66235.16,0.0921,0
41.68,-66235.16,-66276.84,2.1901,0
54.45,-66276.84,-66331.29,23.7945,0
18.92,-66331.29,-66350.22,4.4422,0
25.39,-66350.22,-66375.6,6.3991,0
61.4,-66375.6,-66437.0,3.0131,0
33.56,-66437.0,-66470.56,0.7707,0
50.41,-66470.56,-66520.97,13.5093,0
38.33,-66520.97,-66559.3,46.0266,0
66.77,-66559.3,-66626.07,9.4062,0
45.16,-66626.07,-66671.23,1.832,0
58.94,-66671.23,-66730.17,7.1786,0
51.25,-66730.17,-66781.42,8.3903,0
84.43,-66781.42,-66865.85,64.6227,0
21.27,-66865.85,-66887.12,36.491,0
730.96,-66887.12,-67618.09,0.2761,1
71.55,-67618.09,-67689.64,28.5083,0
41.14,-67689.64,-67730.77,20.3672,0
42.6,-67730.77,-67773.37,13.071,0
67.53,-67773.37,-67840.9,37.9431,0
156.64,-67840.9,-67997.55,42.9566,0
101.41,-67997.55,-68098.95,14.4735,0
29.54,-68098.95,-68128.5,49.9433,0
70.78,-68128.5,-68199.28,27.3446,0
238.53,-68199.28,-68437.81,0.4722,1
164.82,-68437.81,-68602.63,9.7956,0
47.42,-68602.63,-68650.05,2.1741,0
51.67,-68650.05,-68701.72,40.2849,0
26.13,-68701.72,-68727.85,29.6386,0
79.98,-68727.85,-68807.83,13.7754,0
56.98,-68807.83,-68864.82,11.8976,0
131.13,-68864.82,-68995.95,72.9858,0
150.38,-68995.95,-69146.33,7.2966,0
59.77,-69146.33,-69206.1,0.0346,0
92.04,-69206.1,-69298.14,10.5821,0
73.02,-69298.14,-69371.15,55.2641,0
42.53,-69371.15,-69413.68,41.9575,0
23.53,-69413.68,-69437.21,17.1934,0
450.56,-69437.21,-69887.77,0.1396,1
28.04,-69887.77,-69915.81,2.2647,0
31.06,-69915.81,-69946.88,2.8807,0
12.06,-69946.88,-69958.94,26.0081,0
120.13,-69958.94,-70079.07,6.7325,0
105.28,-70079.07,-70184.35,33.5508,0
11.93,-70184.35,-70196.28,24.7066,0
34.83,-70196.28,-70231.1,1.6298,0
43.16,-70231.1,-70274.27,44.7393,0
78.95,-70274.27,-70353.22,28.6287,0
50.55,-70353.22,-70403.77,4.0484,0
67.05,-70403.77,-70470.82,47.3916,0
55.06,-70470.82,-70525.88,0.0284,0
43.98,-70525.88,-70569.86,20.4998,0
56.06,-70569.86,-70625.93,59.6433,0
56.26,-70625.93,-70682.19,75.4524,0
26.13,-70682.19,-70708.32,6.8581,0
103.93,-70708.32,-70812.24,10.7068,0
167.4,-70812.24,-70979.64,40.3621,0
85.09,-70979.64,-71064.73,1.1411,0
48.27,-71064.73,-71113.0,5.6609,0
16.62,-71113.0,-71129.63,2.9799,0
17.71,-71129.63,-71147.34,10.1066,0
21.92,-71147.34,-71169.26,31.4914,0
27.5,-71169.26,-71196.76,16.8346,0
36.3,-71196.76,-71233.06,12.477,0
36.0,-71233.06,-71269.06,39.7746,0
52.05,-71269.06,-71321.11,24.3325,0
29.06,-71321.11,-71350.18,3.7732,0
68.42,-71350.18,-71418.6,19.5475,0
47.38,-71418.6,-71465.98,24.7143,0
39.43,-71465.98,-71505.4,11.4706,0
103.43,-71505.4,-71608.83,2.8834,0
26.59,-71608.83,-71635.42,7.8583,0
76.85,-71635.42,-71712.27,4.9911,0
142.88,-71712.27,-71855.15,6.2057,0
58.61,-71855.15,-71913.75,10.7449,0
52.22,-71913.75,-71965.98,33.7713,0
11.87,-71965.98,-71977.84,4.0924,0
33.06,-71977.84,-72010.9,15.726,0
61.56,-72010.9,-72072.47,5.2312,0
105.34,-72072.47,-72177.81,20.0798,0
45.43,-72177.81,-72223.25,7.0832,0
125.27,-72223.25,-72348.52,0.6975,0
76.92,-72348.52,-72425.44,1.2229,0
28.12,-72425.44,-72453.56,9.2858,0
56.4,-72453.56,-72509.96,21.5515,0
53.79,-72509.96,-72563.75,1.307,0
45.53,-72563.75,-72609.28,9.4645,0
22.69,-72609.28,-72631.97,7.1066,0
62.51,-72631.97,-72694.48,6.7084,0
60.29,-72694.48,-72754.77,54.6239,0
71.71,-72754.77,-72826.48,14.209,0
9.06,-72826.48,-72835.53,3.3048,0
57.17,-72835.53,-72892.71,7.8971,0
59.56,-72892.71,-72952.27,40.4997,0
15.59,-72952.27,-72967.86,2.686,0
142.9,-72967.86,-73110.76,26.3491,0
45.2,-73110.76,-73155.96,15.9176,0
57.36,-73155.96,-73213.32,26.9535,0
50.49,-73213.32,-73263.8,66.3241,0
27.21,-73263.8,-73291.02,9.2576,0
43.25,-73291.02,-73334.27,15.6022,0
28.1,-73334.27,-73362.37,25.0119,0
80.4,-73362.37,-73442.77,34.2845,0
47.31,-73442.77,-73490.07,18.4797,0
24.36,-73490.07,-73514.43,53.9107,0
23.0,-73514.43,-73537.43,50.7322,0
103.75,-73537.43,-73641.18,32.6728,0
90.09,-73641.18,-73731.27,13.8969,0
151.99,-73731.27,-73883.26,22.8424,0
52.18,-73883.26,-73935.44,16.9188,0
55.81,-73935.44,-73991.25,5.5906,0
35.28,-73991.25,-74026.53,0.6186,0
35.45,-74026.53,-74061.98,26.9297,0
886.11,-74061.98,-74948.09,0.3542,1
80.96,-74948.09,-75029.05,29.3783,0
52.76,-75029.05,-75081.8,22.3907,0
71.37,-75081.8,-75153.17,34.8978,0
104.66,-75153.17,-75257.83,16.1255,0
36.3,-75257.83,-75294.14,5.7333,0
56.51,-75294.14,-75350.65,38.3298,0
25.75,-75350.65,-75376.4,8.6764,0
35.38,-75376.4,-75411.79,1.6207,0
18.36,-75411.79,-75430.15,29.0971,0
63.34,-75430.15,-75493.49,4.1779,0
46.52,-75493.49,-75540.01,1.1294,0
29.24,-75540.01,-75569.25,8.4069,0
100.21,-75569.25,-75669.46,17.4649,0
34.55,-75669.46,-75704.01,19.7058,0
58.58,-75704.01,-75762.59,25.6863,0
28.59,-75762.59,-75791.18,20.0752,0
37.28,-75791.18,-75828.46,1.0554,0
34.79,-75828.46,-75863.24,3.6162,0
62.64,-75863.24,-75925.89,37.8498,0
64.88,-75925.89,-75990.77,1.7757,0
23.46,-75990.77,-76014.23,17.2377,0
62.93,-76014.23,-76077.16,8.0515,0
101.51,-76077.16,-76178.68,16.4309,0
33.36,-76178.68,-76212.04,9.7278,0
29.56,-76212.04,-76241.6,41.3262,0
29.96,-76241.6,-76271.56,36.1068,0
34.24,-76271.56,-76305.8,18.5322,0
104.63,-76305.8,-76410.43,17.0301,0
45.96,-76410.43,-76456.39,12.7381,0
61.31,-76456.39,-76517.7,44.5816,0
19.38,-76517.7,-76537.07,1.6767,0
54.86,-76537.07,-76591.94,2.4339,0
16.02,-76591.94,-76607.96,1.6718,0
55.87,-76607.96,-76663.83,41.7996,0
23.14,-76663.83,-76686.97,39.354,0
140.41,-76686.97,-76827.38,48.0206,0
103.49,-76827.38,-76930.87,7.84,0
32.74,-76930.87,-76963.61,0.1088,0
58.8,-76963.61,-77022.41,29.4019,0
52.43,-77022.41,-77074.84,10.5357,0
31.32,-77074.84,-77106.16,16.9028,0
33.02,-77106.16,-77139.18,22.623,0
50.62,-77139.18,-77189.8,0.8608,0
37.51,-77189.8,-77227.31,23.435,0
76.94,-77227.31,-77304.25,17.4852,0
80.15,-77304.25,-77384.41,44.8834,0
25.38,-77384.41,-77409.79,4.1652,0
21.28,-77409.79,-77431.07,0.9967,0
34.75,-77431.07,-77465.82,15.9846,0
57.68,-77465.82,-77523.5,5.1977,0
25.35,-77523.5,-77548.85,2.6406,0
17.02,-77548.85,-77565.87,19.3985,0
142.84,-77565.87,-77708.71,3.168,0
32.07,-77708.71,-77740.78,5.7415,0
23.11,-77740.78,-77763.9,13.1272,0
21.32,-77763.9,-77785.22,15.114,0
189.73,-77785.22,-77974.95,56.493,0
81.96,-77974.95,-78056.91,32.5313,0
68.97,-78056.91,-78125.88,1.4844,0
51.78,-78125.88,-78177.66,5.0903,0
52.79,-78177.66,-78230.44,6.2777,0
18.92,-78230.44,-78249.36,2.5185,0
59.72,-78249.36,-78309.08,19.8617,0
25.37,-78309.08,-78334.45,4.327,0
76.94,-78334.45,-78411.39,4.4904,0
87.97,-78411.39,-78499.36,47.6115,0
40.57,-78499.36,-78539.94,8.1273,0
60.78,-78539.94,-78600.72,64.5387,0
69.13,-78600.72,-78669.85,4.0485,0
33.47,-78669.85,-78703.32,15.2326,0
135.51,-78703.32,-78838.83,8.1392,0
58.06,-78838.83,-78896.89,14.6252,0
103.8,-78896.89,-79000.7,25.6787,0
40.55,-79000.7,-79041.25,96.5954,0
63.19,-79041.25,-79104.43,20.4823,0
42.53,-79104.43,-79146.96,3.3234,0
57.1,-79146.96,-79204.07,10.6597,0
29.91,-79204.07,-79233.98,9.6621,0
41.1,-79233.98,-79275.07,38.0886,0
57.26,-79275.07,-79332.33,2.6532,0
15.93,-79332.33,-79348.26,2.0577,0
124.48,-79348.26,-79472.74,26.4308,0
130.98,-79472.74,-79603.72,18.6762,0
36.01,-79603.72,-79639.73,3.5797,0
57.29,-79639.73,-79697.02,6.754,0
28.33,-79697.02,-79725.35,4.3493,0
23.86,-79725.35,-79749.21,2.8364,0
38.99,-79749.21,-79788.2,3.129,0
19.83,-79788.2,-79808.04,3.3245,0
796.57,-79808.04,-80604.6,0.1139,1
38.75,-80604.6,-80643.35,73.9872,0
36.51,-80643.35,-80679.86,5.092,0
44.77,-80679.86,-80724.64,38.6984,0
26.36,-80724.64,-80751.0,61.8593,0
9.93,-80751.0,-80760.93,29.2937,0
41.66,-80760.93,-80802.59,8.694,0
81.08,-80802.59,-80883.67,10.6031,0
120.05,-80883.67,-81003.72,10.3179,0
21.55,-81003.72,-81025.28,36.0172,0
27.75,-81025.28,-81053.02,21.7191,0
92.71,-81053.02,-81145.73,61.4405,0
48.88,-81145.73,-81194.61,20.9324,0
52.95,-81194.61,-81247.56,2.0693,0
86.99,-81247.56,-81334.55,1.7204,0
34.24,-81334.55,-81368.79,5.3594,0
47.02,-81368.79,-81415.81,18.527,0
93.55,-81415.81,-81509.36,52.0902,0
34.67,-81509.36,-81544.03,21.2018,0
63.46,-81544.03,-81607.49,9.2565,0
17.01,-81607.49,-81624.5,64.1933,0
14.25,-81624.5,-81638.75,4.3881,0
104.46,-81638.75,-81743.22,29.9162,0
67.54,-81743.22,-81810.76,30.9789,0
45.16,-81810.76,-81855.92,4.4055,0
45.24,-81855.92,-81901.16,37.189,0
59.38,-81901.16,-81960.54,30.9188,0
24.36,-81960.54,-81984.89,9.9762,0
32.73,-81984.89,-82017.63,5.7254,0
33.19,-82017.63,-82050.82,98.907,0
32.16,-82050.82,-82082.98,14.0449,0
46.27,-82082.98,-82129.25,37.2025,0
61.02,-82129.25,-82190.27,8.058,0
38.87,-82190.27,-82229.14,7.1539,0
51.22,-82229.14,-82280.36,13.0231,0
41.61,-82280.36,-82321.97,15.1744,0
33.45,-82321.97,-82355.42,16.2689,0
19.66,-82355.42,-82375.07,0.3271,0
13.13,-82375.07,-82388.2,29.5192,0
17.48,-82388.2,-82405.68,3.497,0
41.91,-82405.68,-82447.58,25.664,0
16.65,-82447.58,-82464.23,21.5298,0
23.06,-82464.23,-82487.3,25.7806,0
70.11,-82487.3,-82557.4,9.8728,0
120.83,-82557.4,-82678.24,14.7163,0
59.34,-82678.24,-82737.57,20.0501,0
30.7,-82737.57,-82768.28,5.1798,0
48.21,-82768.28,-82816.49,24.77,0
46.26,-82816.49,-82862.74,9.1061,0
68.69,-82862.74,-82931.43,39.0464,0
28.8,-82931.43,-82960.24,1.2781,0
38.4,-82960.24,-82998.63,1.1795,0
59.1,-82998.63,-83057.74,6.8993,0
24.23,-83057.74,-83081.96,0.3776,0
41.48,-83081.96,-83123.45,16.6598,0
69.02,-83123.45,-83192.46,15.6754,0
25.26,-83192.46,-83217.72,3.703,0
75.01,-83217.72,-83292.74,8.251,0
85.35,-83292.74,-83378.09,49.3536,0
59.44,-83378.09,-83437.53,1.5628,0
86.0,-83437.53,-83523.53,0.9332,0
24.74,-83523.53,-83548.27,11.5054,0
25.04,-83548.27,-83573.31,47.5925,0
30.07,-83573.31,-83603.38,12.9478,0
30.25,-83603.38,-83633.63,25.162,0
64.32,-83633.63,-83697.95,5.7042,0
41.97,-83697.95,-83739.92,2.7724,0
83.42,-83739.92,-83823.34,8.1177,0
46.84,-83823.34,-83870.18,5.3709,0
42.28,-83870.18,-83912.47,3.0433,0
80.42,-83912.47,-83992.89,0.8014,0
41.47,-83992.89,-84034.36,18.12,0
35.11,-84034.36,-84069.47,1.6429,0
45.58,-84069.47,-84115.05,5.0812,0
55.24,-84115.05,-84170.29,13.6594,0
37.43,-84170.29,-84207.72,15.6358,0
80.95,-84207.72,-84288.66,83.614,0
43.41,-84288.66,-84332.07,11.9671,0
77.47,-84332.07,-84409.55,58.2149,0
58.64,-84409.55,-84468.19,5.4971,0
23.96,-84468.19,-84492.14,3.6298,0
13.03,-84492.14,-84505.17,12.4625,0
113.45,-84505.17,-84618.62,3.7407,0
45.02,-84618.62,-84663.65,29.3545,0
179.93,-84663.65,-84843.57,18.5624,0
47.27,-84843.57,-84890.84,16.0935,0
43.0,-84890.84,-84933.84,48.1374,0
18.57,-84933.84,-84952.41,2.7539,0
57.28,-84952.41,-85009.69,10.5123,0
108.75,-85009.69,-85118.44,4.8146,0
93.35,-85118.44,-85211.78,1.3319,0
111.45,-85211.78,-85323.24,7.3786,0
75.26,-85323.24,-85398.5,64.372,0
37.8,-85398.5,-85436.3,6.0903,0
78.4,-85436.3,-85514.7,5.8522,0
110.64,-85514.7,-85625.34,5.8131,0
36.85,-85625.34,-85662.19,3.2382,0
78.58,-85662.19,-85740.77,0.6043,0
68.72,-85740.77,-85809.49,8.0397,0
33.59,-85809.49,-85843.08,50.7338,0
113.2,-85843.08,-85956.29,0.599,0
21.89,-85956.29,-85978.17,16.8438,0
141.86,-85978.17,-86120.03,0.7665,0
37.77,-86120.03,-86157.79,10.5241,0
24.04,-86157.79,-86181.83,20.8186,0
21.61,-86181.83,-86203.45,2.3951,0
75.27,-86203.45,-86278.72,14.9399,0
80.58,-86278.72,-86359.3,0.3349,0
138.34,-86359.3,-86497.64,5.0288,0
646.78,-86497.64,-87144.41,0.0977,1
41.46,-87144.41,-87185.87,8.0279,0
53.6,-87185.87,-87239.47,15.912,0
129.37,-87239.47,-87368.84,9.7206,0
50.57,-87368.84,-87419.41,2.2622,0
92.63,-87419.41,-87512.04,0.3061,0
29.53,-87512.04,-87541.57,4.0396,0
36.59,-87541.57,-87578.15,16.9822,0
28.33,-87578.15,-87606.48,4.981,0
22.34,-87606.48,-87628.82,30.4457,0
61.37,-87628.82,-87690.19,50.9359,0
18.34,-87690.19,-87708.53,10.3603,0
27.83,-87708.53,-87736.36,10.6319,0
28.6,-87736.36,-87764.96,32.0257,0
58.06,-87764.96,-87823.02,23.732,0
120.45,-87823.02,-87943.47,0.2265,0
45.67,-87943.47,-87989.13,29.6309,0
54.41,-87989.13,-88043.54,9.0881,0
37.49,-88043.54,-88081.03,42.8723,0
21.54,-88081.03,-88102.57,13.6333,0
121.67,-88102.57,-88224.25,7.1385,0
22.5,-88224.25,-88246.75,12.0652,0
33.81,-88246.75,-88280.56,15.297,0
73.14,-88280.56,-88353.7,16.2577,0
47.07,-88353.7,-88400.77,0.1013,0
10.9,-88400.77,-88411.67,14.8795,0
19.79,-88411.67,-88431.46,0.7264,0
35.0,-88431.46,-88466.46,2.0726,0
40.65,-88466.46,-88507.11,2.735,0
36.67,-88507.11,-88543.78,5.1198,0
122.19,-88543.78,-88665.97,29.7291,0
54.37,-88665.97,-88720.34,17.6911,0
111.88,-88720.34,-88832.22,4.0491,0
114.38,-88832.22,-88946.6,10.9976,0
73.02,-88946.6,-89019.62,12.833,0
40.13,-89019.62,-89059.76,9.5818,0
37.58,-89059.76,-89097.34,19.2473,0
16.21,-89097.34,-89113.54,19.1972,0
19.64,-89113.54,-89133.18,49.3211,0
37.18,-89133.18,-89170.36,1.5938,0
36.61,-89170.36,-89206.98,14.1281,0
25.9,-89206.98,-89232.88,1.7003,0
21.08,-89232.88,-89253.95,11.773,0
18.18,-89253.95,-89272.14,1.0982,0
194.36,-89272.14,-89466.5,8.0541,0
21.81,-89466.5,-89488.3,37.1068,0
50.06,-89488.3,-89538.36,42.6603,0
18.96,-89538.36,-89557.32,3.6703,0
83.08,-89557.32,-89640.4,1.719,0
24.22,-89640.4,-89664.63,1.1249,0
39.46,-89664.63,-89704.09,20.4062,0
69.23,-89704.09,-89773.32,16.6462,0
34.0,-89773.32,-89807.31,17.7108,0
15.47,-89807.31,-89822.79,61.4097,0
39.46,-89822.79,-89862.25,36.2884,0
27.51,-89862.25,-89889.76,46.946,0
68.71,-89889.76,-89958.47,56.8759,0
71.89,-89958.47,-90030.36,0.6234,0
23.97,-90030.36,-90054.33,48.1361,0
30.25,-90054.33,-90084.58,4.596,0
38.57,-90084.58,-90123.16,6.0361,0
30.95,-90123.16,-90154.11,11.9388,0
38.94,-90154.11,-90193.05,29.663,0
22.24,-90193.05,-90215.29,5.1999,0
51.48,-90215.29,-90266.76,1.475,0
90.0,-90266.76,-90356.77,16.1009,0
52.41,-90356.77,-90409.17,1.1494,0
85.56,-90409.17,-90494.73,37.7451,0
62.57,-90494.73,-90557.3,58.3221,0
55.49,-90557.3,-90612.78,33.7354,0
16.55,-90612.78,-90629.33,36.4114,0
165.54,-90629.33,-90794.87,11.1418,0
75.3,-90794.87,-90870.17,33.8012,0
43.24,-90870.17,-90913.41,2.8144,0
37.67,-90913.41,-90951.08,35.2642,0
32.02,-90951.08,-90983.1,30.7488,0
66.7,-90983.1,-91049.79,1.7921,0
46.61,-91049.79,-91096.41,9.412,0
113.78,-91096.41,-91210.18,12.2194,0
15.28,-91210.18,-91225.47,13.8649,0
30.59,-91225.47,-91256.06,2.1097,0
38.17,-91256.06,-91294.23,9.6539,0
93.07,-91294.23,-91387.3,10.2262,0
62.5,-91387.3,-91449.8,23.7163,0
41.51,-91449.8,-91491.31,19.9735,0
39.11,-91491.31,-91530.42,5.6991,0
27.77,-91530.42,-91558.19,0.3681,0
36.16,-91558.19,-91594.35,19.6452,0
13.54,-91594.35,-91607.9,8.3342,0
43.5,-91607.9,-91651.4,14.3714,0
22.29,-91651.4,-91673.68,79.9286,0
53.76,-91673.68,-91727.45,4.1552,0
17.0,-91727.45,-91744.45,11.3246,0
89.74,-91744.45,-91834.19,0.1468,0
18.88,-91834.19,-91853.07,6.3764,0
108.97,-91853.07,-91962.04,34.5887,0
46.89,-91962.04,-92008.92,34.6951,0
140.45,-92008.92,-92149.37,46.8721,0
50.63,-92149.37,-92200.0,19.3301,0
35.74,-92200.0,-92235.74,7.6072,0
14.07,-92235.74,-92249.81,2.6114,0
35.87,-92249.81,-92285.67,2.7061,0
100.41,-92285.67,-92386.08,2.4202,0
17.56,-92386.08,-92403.64,1.8071,0
21.36,-92403.64,-92425.0,6.432,0
609.02,-92425.0,-93034.01,0.2154,1
114.13,-93034.01,-93148.14,39.0699,0
82.7,-93148.14,-93230.84,4.6729,0
36.01,-93230.84,-93266.85,0.1904,0
83.31,-93266.85,-93350.16,11.8366,0
42.02,-93350.16,-93392.18,1.6535,0
42.23,-93392.18,-93434.41,1.4733,0
50.09,-93434.41,-93484.5,8.4108,0
90.63,-93484.5,-93575.12,26.8531,0
18.88,-93575.12,-93594.0,1.2316,0
57.33,-93594.0,-93651.33,5.6365,0
30.89,-93651.33,-93682.22,2.6715,0
49.18,-93682.22,-93731.4,16.6146,0
77.54,-93731.4,-93808.94,16.7342,0
31.61,-93808.94,-93840.55,6.3024,0
72.49,-93840.55,-93913.04,22.9025,0
80.19,-93913.04,-93993.24,14.7437,0
53.48,-93993.24,-94046.71,19.4333,0
32.31,-94046.71,-94079.02,2.6716,0
38.79,-94079.02,-94117.81,12.0608,0
46.83,-94117.81,-94164.64,5.282,0
27.57,-94164.64,-94192.22,5.456,0
68.12,-94192.22,-94260.34,5.0564,0
154.22,-94260.34,-94414.56,16.7645,0
51.18,-94414.56,-94465.74,18.6404,0
131.85,-94465.74,-94597.59,0.8038,0
46.57,-94597.59,-94644.16,16.7034,0
48.6,-94644.16,-94692.76,6.1411,0
58.64,-94692.76,-94751.4,35.0127,0
43.02,-94751.4,-94794.43,6.5737,0
257.73,-94794.43,-95052.15,3.706,0
55.68,-95052.15,-95107.83,15.5907,0
44.54,-95107.83,-95152.37,17.334,0
28.48,-95152.37,-95180.86,17.7916,0
32.22,-95180.86,-95213.08,30.151,0
39.6,-95213.08,-95252.67,19.0983,0
69.46,-95252.67,-95322.13,3.4341,0
11.89,-95322.13,-95334.03,7.4086,0
44.22,-95334.03,-95378.25,22.706,0
76.82,-95378.25,-95455.07,0.2469,0
29.08,-95455.07,-95484.15,13.9315,0
73.32,-95484.15,-95557.47,2.3384,0
40.86,-95557.47,-95598.34,17.4351,0
98.12,-95598.34,-95696.45,51.4682,0
54.8,-95696.45,-95751.26,13.2328,0
59.42,-95751.26,-95810.67,32.13,0
27.22,-95810.67,-95837.89,2.5858,0
23.02,-95837.89,-95860.91,2.5698,0
69.07,-95860.91,-95929.98,10.5697,0
65.72,-95929.98,-95995.7,15.3337,0
109.43,-95995.7,-96105.13,43.5654,0
59.43,-96105.13,-96164.56,29.5452,0
16.78,-96164.56,-96181.34,7.9427,0
118.76,-96181.34,-96300.1,13.7926,0
32.05,-96300.1,-96332.15,15.7024,0
62.75,-96332.15,-96394.9,10.7446,0
70.86,-96394.9,-96465.76,35.8622,0
98.47,-96465.76,-96564.23,34.3807,0
64.21,-96564.23,-96628.44,1.2393,0
43.16,-96628.44,-96671.61,22.1038,0
27.83,-96671.61,-96699.43,4.9152,0
36.65,-96699.43,-96736.08,5.3747,0
37.62,-96736.08,-96773.7,20.6191,0
42.79,-96773.7,-96816.49,9.6956,0
65.6,-96816.49,-96882.09,18.8262,0
36.44,-96882.09,-96918.53,37.0756,0
105.53,-96918.53,-97024.06,9.8172,0
37.13,-97024.06,-97061.19,44.4167,0
33.97,-97061.19,-97095.16,15.1417,0
14.14,-97095.16,-97109.3,23.4499,0
19.4,-97109.3,-97128.7,3.8559,0
86.57,-97128.7,-97215.27,28.9293,0
120.91,-97215.27,-97336.18,6.5713,0
42.55,-97336.18,-97378.72,7.2853,0
18.01,-97378.72,-97396.73,5.5819,0
72.73,-97396.73,-97469.46,10.3919,0
36.63,-97469.46,-97506.09,0.0066,0
22.97,-97506.09,-97529.06,13.2285,0
45.3,-97529.06,-97574.36,7.4871,0
33.83,-97574.36,-97608.19,1.263,0
64.06,-97608.19,-97672.25,17.7645,0
45.11,-97672.25,-97717.35,6.3655,0
59.86,-97717.35,-97777.21,26.0699,0
17.68,-97777.21,-97794.89,40.2053,0
92.78,-97794.89,-97887.68,27.4851,0
71.8,-97887.68,-97959.47,7.2896,0
37.34,-97959.47,-97996.82,30.7099,0
59.23,-97996.82,-98056.05,13.9767,0
88.62,-98056.05,-98144.67,0.3766,0
50.17,-98144.67,-98194.84,30.7012,0
13.32,-98194.84,-98208.16,34.9105,0
76.11,-98208.16,-98284.27,9.5263,0
89.65,-98284.27,-98373.92,10.0916,0
32.04,-98373.92,-98405.95,0.7296,0
33.35,-98405.95,-98439.31,1.8907,0
47.49,-98439.31,-98486.8,18.9587,0
270.92,-98486.8,-98757.72,27.182,0
32.77,-98757.72,-98790.48,26.7582,0
39.47,-98790.48,-98829.96,8.1272,0
29.07,-98829.96,-98859.03,14.2306,0
40.82,-98859.03,-98899.85,41.4411,0
83.56,-98899.85,-98983.41,13.3549,0
40.39,-98983.41,-99023.81,5.0686,0
38.57,-99023.81,-99062.38,5.8111,0
131.32,-99062.38,-99193.7,7.3661,0
80.8,-99193.7,-99274.5,16.6596,0
43.78,-99274.5,-99318.28,48.1627,0
27.65,-99318.28,-99345.93,3.7801,0
40.44,-99345.93,-99386.37,29.4377,0
50.78,-99386.37,-99437.15,75.9981,0
23.33,-99437.15,-99460.48,2.1332,0
24.74,-99460.48,-99485.23,2.3456,0
46.31,-99485.23,-99531.53,2.7664,0
19.17,-99531.53,-99550.7,29.0328,0
25.8,-99550.7,-99576.5,5.3888,0
108.17,-99576.5,-99684.67,4.5374,0
52.82,-99684.67,-99737.49,12.2528,0
112.75,-99737.49,-99850.23,44.668,0
147.91,-99850.23,-99998.14,16.9456,0
83.21,-99998.14,-100081.36,32.0801,0
22.25,-100081.36,-100103.6,12.9214,0
46.45,-100103.6,-100150.05,29.7223,0
15.87,-100150.05,-100165.92,9.9608,0
31.19,-100165.92,-100197.11,36.1683,0
33.8,-100197.11,-100230.9,9.6659,0
35.75,-100230.9,-100266.66,4.5953,0
30.28,-100266.66,-100296.94,13.2751,0
28.5,-100296.94,-100325.43,11.5015,0
58.28,-100325.43,-100383.71,26.0167,0
57.18,-100383.71,-100440.89,4.6334,0
112.46,-100440.89,-100553.35,3.2296,0
55.39,-100553.35,-100608.74,17.5994,0
58.22,-100608.74,-100666.96,11.6081,0
55.79,-100666.96,-100722.75,33.7948,0
34.49,-100722.75,-100757.24,5.1617,0
46.05,-100757.24,-100803.28,3.9849,0
88.29,-100803.28,-100891.58,6.1203,0
52.23,-100891.58,-100943.81,7.4785,0
131.41,-100943.81,-101075.23,9.8762,0
11.4,-101075.23,-101086.63,0.564,0
14.84,-101086.63,-101101.46,36.7342,0
23.97,-101101.46,-101125.43,4.053,0
23.97,-101125.43,-101149.4,13.0453,0
27.4,-101149.4,-101176.8,10.9731,0
35.59,-101176.8,-101212.39,11.7756,0
568.7,-101212.39,-101781.09,0.2413,1
96.16,-101781.09,-101877.26,7.1497,0
763.4,-101877.26,-102640.65,0.0528,1
39.1,-102640.65,-102679.75,12.7679,0
38.73,-102679.75,-102718.48,34.7253,0
29.17,-102718.48,-102747.66,29.2828,0
27.88,-102747.66,-102775.54,5.1786,0
26.84,-102775.54,-102802.38,35.6824,0
655.75,-102802.38,-103458.13,0.0217,1
47.98,-103458.13,-103506.11,23.645,0
22.05,-103506.11,-103528.16,23.5079,0
57.53,-103528.16,-103585.69,17.0208,0
135.42,-103585.69,-103721.12,6.4015,0
23.19,-103721.12,-103744.31,36.3161,0
85.82,-103744.31,-103830.13,0.2995,0
63.99,-103830.13,-103894.12,12.113,0
36.1,-103894.12,-103930.22,19.7604,0
56.53,-103930.22,-103986.75,0.5956,0
122.03,-103986.75,-104108.79,41.4628,0
45.8,-104108.79,-104154.59,9.6136,0
54.9,-104154.59,-104209.48,9.6861,0
27.45,-104209.48,-104236.94,31.0205,0
48.67,-104236.94,-104285.61,18.1652,0
44.42,-104285.61,-104330.03,4.2931,0
91.93,-104330.03,-104421.96,2.0792,0
19.41,-104421.96,-104441.38,7.0604,0
29.01,-104441.38,-104470.39,43.9664,0
80.58,-104470.39,-104550.97,12.6343,0
20.88,-104550.97,-104571.85,19.9884,0
34.23,-104571.85,-104606.08,7.8264,0
42.61,-104606.08,-104648.69,67.0824,0
82.65,-104648.69,-104731.34,29.0266,0
22.21,-104731.34,-104753.55,13.319,0
48.29,-104753.55,-104801.84,5.1549,0
82.73,-104801.84,-104884.56,33.358,0
59.4,-104884.56,-104943.96,8.8846,0
65.56,-104943.96,-105009.53,5.8007,0
27.28,-105009.53,-105036.81,41.393,0
31.63,-105036.81,-105068.44,18.9621,0
46.7,-105068.44,-105115.14,2.3997,0
22.46,-105115.14,-105137.6,62.004,0
108.73,-105137.6,-105246.33,8.8317,0
75.33,-105246.33,-105321.66,3.269,0
40.61,-105321.66,-105362.28,36.4346,0
49.18,-105362.28,-105411.45,48.0512,0
32.26,-105411.45,-105443.71,4.6263,0
57.42,-105443.71,-105501.13,51.6247,0
29.14,-105501.13,-105530.28,1.6187,0
59.06,-105530.28,-105589.34,24.1732,0
47.74,-105589.34,-105637.08,32.9507,0
43.35,-105637.08,-105680.43,11.4785,0
50.31,-105680.43,-105730.74,2.4606,0
67.65,-105730.74,-105798.39,32.0891,0
31.16,-105798.39,-105829.55,14.5815,0
27.08,-105829.55,-105856.63,30.0088,0
83.59,-105856.63,-105940.22,32.2322,0
530.43,-105940.22,-106470.65,0.2926,1
36.5,-106470.65,-106507.15,2.502,0
27.82,-106507.15,-106534.97,8.6068,0
40.78,-106534.97,-106575.75,11.9363,0
59.29,-106575.75,-106635.04,0.4722,0
56.12,-106635.04,-106691.16,4.7253,0
27.36,-106691.16,-106718.52,3.9121,0
53.11,-106718.52,-106771.63,6.4316,0
68.18,-106771.63,-106839.81,5.4621,0
40.67,-106839.81,-106880.48,32.9799,0
37.43,-106880.48,-106917.92,4.8139,0
356.39,-106917.92,-107274.3,0.0467,1
88.23,-107274.3,-107362.53,5.3424,0
60.47,-107362.53,-107423.0,36.6,0
75.16,-107423.0,-107498.16,2.2179,0
45.09,-107498.16,-107543.25,3.8302,0
19.73,-107543.25,-107562.98,3.828,0
26.89,-107562.98,-107589.87,39.4721,0
13.15,-107589.87,-107603.02,20.3754,0
83.56,-107603.02,-107686.58,18.6595,0
34.13,-107686.58,-107720.71,15.0009,0
17.77,-107720.71,-107738.47,5.8591,0
112.95,-107738.47,-107851.42,12.5755,0
100.01,-107851.42,-107951.43,7.1344,0
48.63,-107951.43,-108000.06,9.8824,0
92.66,-108000.06,-108092.72,7.61,0
14.29,-108092.72,-108107.02,6.735,0
28.13,-108107.02,-108135.14,0.3295,0
89.86,-108135.14,-108225.0,21.9919,0
20.88,-108225.0,-108245.88,25.1535,0
30.58,-108245.88,-108276.47,17.1028,0
64.07,-108276.47,-108340.53,4.403,0
64.4,-108340.53,-108404.94,3.6371,0
54.43,-108404.94,-108459.37,30.4072,0
40.29,-108459.37,-108499.66,1.7822,0
60.16,-108499.66,-108559.82,4.2758,0
43.59,-108559.82,-108603.4,2.7987,0
15.69,-108603.4,-108619.09,11.4188,0
36.62,-108619.09,-108655.71,21.1141,0
77.69,-108655.71,-108733.4,59.8228,0
26.95,-108733.4,-108760.35,11.1974,0
49.12,-108760.35,-108809.47,1.429,0
107.27,-108809.47,-108916.74,1.0432,0
34.44,-108916.74,-108951.18,32.7756,0
48.03,-108951.18,-108999.2,19.4491,0
11.05,-108999.2,-109010.25,61.7961,0
10.68,-109010.25,-109020.93,3.3947,0
33.04,-109020.93,-109053.97,68.9687,0
44.17,-109053.97,-109098.14,10.6545,0
41.01,-109098.14,-109139.14,16.5757,0
45.15,-109139.14,-109184.29,16.3459,0
68.48,-109184.29,-109252.77,7.1087,0
25.25,-109252.77,-109278.02,73.9517,0
50.76,-109278.02,-109328.78,3.3214,0
34.05,-109328.78,-109362.82,1.5144,0
67.37,-109362.82,-109430.19,10.3688,0
33.31,-109430.19,-109463.5,8.4359,0
30.21,-109463.5,-109493.71,44.7103,0
47.51,-109493.71,-109541.22,6.5197,0
38.83,-109541.22,-109580.05,8.8077,0
44.13,-109580.05,-109624.19,33.7137,0
92.07,-109624.19,-109716.25,3.4754,0
77.62,-109716.25,-109793.88,21.7629,0
41.84,-109793.88,-109835.72,34.0426,0
51.14,-109835.72,-109886.86,5.2886,0
53.89,-109886.86,-109940.74,40.7679,0
20.02,-109940.74,-109960.77,61.7329,0
32.33,-109960.77,-109993.1,17.2061,0
63.62,-109993.1,-110056.72,10.6417,0
70.57,-110056.72,-110127.29,14.2022,0
47.54,-110127.29,-110174.83,7.462,0
74.63,-110174.83,-110249.46,0.4561,0
65.0,-110249.46,-110314.46,22.7638,0
39.54,-110314.46,-110354.0,6.8545,0
38.45,-110354.0,-110392.45,15.9393,0
68.26,-110392.45,-110460.71,38.418,0
106.43,-110460.71,-110567.14,31.9847,0
126.17,-110567.14,-110693.32,9.6208,0
92.76,-110693.32,-110786.07,5.9903,0
29.75,-110786.07,-110815.82,13.6321,0
43.25,-110815.82,-110859.07,35.0986,0
27.64,-110859.07,-110886.71,10.8283,0
17.28,-110886.71,-110903.99,9.9864,0
41.0,-110903.99,-110944.99,1.1412,0
45.76,-110944.99,-110990.74,2.0866,0
26.95,-110990.74,-111017.7,2.286,0
81.67,-111017.7,-111099.36,9.2987,0
16.2,-111099.36,-111115.56,12.0964,0
168.76,-111115.56,-111284.32,68.8636,0
27.3,-111284.32,-111311.62,8.9617,0
59.65,-111311.62,-111371.28,0.0303,0
44.92,-111371.28,-111416.2,41.3671,0
66.48,-111416.2,-111482.68,8.9937,0
23.03,-111482.68,-111505.72,1.08,0
34.15,-111505.72,-111539.86,9.5682,0
25.09,-111539.86,-111564.96,16.2679,0
41.26,-111564.96,-111606.22,2.14,0
25.3,-111606.22,-111631.52,18.6118,0
44.76,-111631.52,-111676.28,31.4584,0
68.7,-111676.28,-111744.98,18.92,0
24.0,-111744.98,-111768.98,1.6232,0
22.57,-111768.98,-111791.55,27.3945,0
20.1,-111791.55,-111811.65,1.0282,0
17.58,-111811.65,-111829.24,102.2669,0
18.45,-111829.24,-111847.68,104.951,0
80.94,-111847.68,-111928.63,28.8248,0
13.81,-111928.63,-111942.44,2.4017,0
69.55,-111942.44,-112011.99,24.3101,0
41.85,-112011.99,-112053.84,0.1756,0
50.64,-112053.84,-112104.48,23.4573,0
49.72,-112104.48,-112154.2,11.0177,0
38.49,-112154.2,-112192.69,84.6941,0
30.01,-112192.69,-112222.7,19.2239,0
21.03,-112222.7,-112243.72,4.0841,0
25.17,-112243.72,-112268.9,6.5158,0
32.77,-112268.9,-112301.67,50.1546,0
113.7,-112301.67,-112415.37,30.1806,0
28.62,-112415.37,-112443.98,3.3069,0
14.41,-112443.98,-112458.4,15.4722,0
41.3,-112458.4,-112499.7,2.6595,0
40.3,-112499.7,-112540.0,9.2929,0
314.14,-112540.0,-112854.14,35.5493,0
20.32,-112854.14,-112874.46,10.3078,0
135.66,-112874.46,-113010.12,64.0622,0
168.2,-113010.12,-113178.32,11.5104,0
53.77,-113178.32,-113232.09,1.1674,0
38.6,-113232.09,-113270.69,69.526,0
120.79,-113270.69,-113391.47,0.874,0
17.3,-113391.47,-113408.77,5.2913,0
25.52,-113408.77,-113434.29,21.828,0
49.09,-113434.29,-113483.38,15.6512,0
27.64,-113483.38,-113511.02,14.4155,0
32.04,-113511.02,-113543.06,53.6326,0
27.52,-113543.06,-113570.58,14.4532,0
55.92,-113570.58,-113626.5,1.9813,0
18.24,-113626.5,-113644.74,19.8891,0
78.04,-113644.74,-113722.79,3.2667,0
47.13,-113722.79,-113769.91,13.6899,0
69.45,-113769.91,-113839.36,22.6169,0
95.39,-113839.36,-113934.75,8.5606,0
39.45,-113934.75,-113974.21,1.6752,0
147.0,-113974.21,-114121.2,4.0737,0
83.97,-114121.2,-114205.18,2.3599,0
139.36,-114205.18,-114344.54,6.9484,0
26.99,-114344.54,-114371.53,15.1655,0
10.25,-114371.53,-114381.77,15.5441,0
153.14,-114381.77,-114534.92,32.7274,0
117.89,-114534.92,-114652.8,5.2977,0
34.33,-114652.8,-114687.13,6.9372,0
39.02,-114687.13,-114726.15,2.5814,0
45.04,-114726.15,-114771.19,43.3041,0
20.91,-114771.19,-114792.1,73.9658,0
12.32,-114792.1,-114804.42,14.5788,0
34.83,-114804.42,-114839.25,6.7878,0
757.7,-114839.25,-115596.95,0.449,1
32.64,-115596.95,-115629.59,34.549,0
43.67,-115629.59,-115673.26,10.1187,0
36.93,-115673.26,-115710.19,29.0539,0
33.76,-115710.19,-115743.95,26.1125,0
25.22,-115743.95,-115769.17,47.8807,0
110.81,-115769.17,-115879.98,2.5104,0
46.91,-115879.98,-115926.88,46.7182,0
49.18,-115926.88,-115976.06,18.0738,0
25.67,-115976.06,-116001.73,8.8485,0
31.16,-116001.73,-116032.89,76.3184,0
31.8,-116032.89,-116064.69,51.1154,0
11.79,-116064.69,-116076.47,2.0954,0
61.76,-116076.47,-116138.24,2.506,0
47.2,-116138.24,-116185.44,27.9011,0
31.95,-116185.44,-116217.38,0.5985,0
100.45,-116217.38,-116317.83,13.5988,0
15.57,-116317.83,-116333.4,15.1005,0
77.95,-116333.4,-116411.35,15.223,0
130.72,-116411.35,-116542.07,23.2387,0
71.0,-116542.07,-116613.08,22.5452,0
439.85,-116613.08,-117052.93,0.3691,1
53.01,-117052.93,-117105.94,33.6601,0
61.94,-117105.94,-117167.88,18.7665,0
28.22,-117167.88,-117196.1,64.4584,0
43.05,-117196.1,-117239.15,67.9002,0
31.87,-117239.15,-117271.02,24.9361,0
51.47,-117271.02,-117322.49,1.5665,0
867.97,-117322.49,-118190.46,0.1087,1
30.94,-118190.46,-118221.4,5.9098,0
82.36,-118221.4,-118303.76,28.3012,0
43.44,-118303.76,-118347.2,0.6955,0
28.68,-118347.2,-118375.88,3.1191,0
42.74,-118375.88,-118418.61,40.0916,0
104.54,-118418.61,-118523.15,55.6447,0
60.52,-118523.15,-118583.68,37.8119,0
146.08,-118583.68,-118729.76,57.4013,0
46.79,-118729.76,-118776.55,11.9145,0
62.3,-118776.55,-118838.85,3.3332,0
21.9,-118838.85,-118860.75,12.5937,0
172.32,-118860.75,-119033.07,26.8846,0
72.86,-119033.07,-119105.93,34.3915,0
26.77,-119105.93,-119132.7,32.6134,0
24.82,-119132.7,-119157.52,80.6009,0
67.49,-119157.52,-119225.01,72.3044,0
25.87,-119225.01,-119250.89,1.1621,0
28.24,-119250.89,-119279.13,7.0004,0
51.94,-119279.13,-119331.07,9.7653,0
133.2,-119331.07,-119464.27,2.6203,0
30.47,-119464.27,-119494.74,53.6572,0
77.8,-119494.74,-119572.54,24.7072,0
97.92,-119572.54,-119670.46,7.3109,0
73.4,-119670.46,-119743.86,7.3414,0
32.44,-119743.86,-119776.29,2.1301,0
68.89,-119776.29,-119845.18,18.4009,0
23.94,-119845.18,-119869.12,60.8124,0
31.92,-119869.12,-119901.03,35.1431,0
74.24,-119901.03,-119975.28,10.6059,0
26.54,-119975.28,-120001.82,10.956,0
27.65,-120001.82,-120029.47,22.8473,0
25.55,-120029.47,-120055.02,10.8694,0
40.6,-120055.02,-120095.62,25.3852,0
49.87,-120095.62,-120145.49,8.7942,0
50.16,-120145.49,-120195.65,16.0504,0
117.2,-120195.65,-120312.85,4.8616,0
351.9,-120312.85,-120664.75,0.4181,1
26.08,-120664.75,-120690.83,51.2157,0
