Eval Time,F1 Score,Expression
1.5917969000292942,0.0,"mean(past_values(V3, 8))"
1.4365992000093684,0.0,"min(past_values(V27, 5))"
0.3821579000214115,0.10526315789473684,V18
2.7641810000059195,0.0,"(max(past_values(V11, 9)) + min(past_values(V28, 5)))"
1.441718199988827,0.0,"min(past_values(V6, 5))"
0.4227650999673642,0.0,V25
1.5288992999703623,0.0,"mean(past_values(V3, 5))"
1.4178657999727875,0.0,"min(past_values(V4, 5))"
1.571345400006976,0.0,"mean(past_values(V5, 5))"
1.422843800042756,0.0,"min(past_values(V19, 8))"
1.4879674999974668,0.0,"min(past_values(V27, 5))"
2.9178623000043444,0.0,"(max(past_values(V1, 8)) * min(past_values(V17, 8)))"
4.865326999977697,0.3157894736842105,"(min(past_values(V11, 7)) * ((V22 + mean(past_values(V24, 5))) - ((V12 + V17) + V22)))"
2.050167799985502,0.0,"(mean(past_values(V13, 9)) + Amount)"
3.01508240000112,0.0,"(mean(past_values(V1, 7)) * min(past_values(V7, 9)))"
1.4520747999777086,0.0,"max(past_values(V18, 9))"
5.478059899993241,0.0,"(mean(past_values(V15, 6)) - (((V2 + V13) - max(past_values(V6, 6))) * mean(past_values(V16, 10))))"
1.538157399976626,0.0,"mean(past_values(V26, 7))"
2.996969599975273,0.0,"(mean(past_values(V20, 5)) - min(past_values(V21, 8)))"
2.972869899997022,0.0,"(mean(past_values(V3, 9)) + min(past_values(V3, 8)))"
0.3821579000214115,0.10526315789473684,V18
6.5652278999914415,0.0,"(((mean(past_values(V25, 9)) - (V24 * V12)) * ((V3 - Amount) + min(past_values(V12, 5)))) - (min(past_values(V16, 5)) - V1))"
2.0044619999825954,0.16666666666666666,"(mean(past_values(V19, 10)) + V10)"
3.113738399988506,0.0,"((((V6 + V11) + min(past_values(V23, 8))) * V19) - V9)"
0.3745877000037581,0.0,V24
2.9765351000241935,0.0,"(min(past_values(Amount, 6)) + mean(past_values(V18, 6)))"
4.320260700013023,0.0,"(V2 + ((V12 - mean(past_values(V10, 6))) + (V8 * min(past_values(V11, 10)))))"
0.3921860000118613,0.0,V22
3.324470999999903,0.0,"((min(past_values(V4, 8)) * V8) + max(past_values(V10, 8)))"
3.089797599997837,0.0,"(((V25 * (V19 * V4)) - V14) + min(past_values(V17, 5)))"
1.4062638999894261,0.0,"max(past_values(V5, 6))"
1.422843800042756,0.0,"min(past_values(V19, 8))"
1.422843800042756,0.0,"min(past_values(V19, 8))"
1.3968103000079282,0.0,"max(past_values(V13, 5))"
3.483245800016448,0.0,"((min(past_values(V10, 5)) * V23) + mean(past_values(V8, 10)))"
5.013895899988711,0.09090909090909091,"((V28 + ((Amount + V13) - V13)) - ((V8 - min(past_values(V15, 6))) * min(past_values(V17, 5))))"
4.959030999976676,0.0,"(V2 - ((min(past_values(V12, 6)) * min(past_values(V15, 9))) - mean(past_values(V4, 8))))"
5.334475999989081,0.0,"(max(past_values(V11, 5)) * ((max(past_values(V5, 5)) * (V14 - V13)) * mean(past_values(V24, 5))))"
0.3701316000078805,0.0,V7
1.5361113999970257,0.0,"mean(past_values(V5, 5))"
0.3821579000214115,0.10526315789473684,V18
0.37210510001750663,0.0,V23
0.3723201000248082,0.0,V27
4.320260700013023,0.0,"(V2 + ((V12 - mean(past_values(V10, 6))) + (V8 * min(past_values(V11, 10)))))"
4.320260700013023,0.0,"(V2 + ((V12 - mean(past_values(V10, 6))) + (V8 * min(past_values(V11, 10)))))"
1.4034773000166751,0.0,"max(past_values(V1, 8))"
3.483245800016448,0.0,"((min(past_values(V10, 5)) * V23) + mean(past_values(V8, 10)))"
1.38778699998511,0.0,"max(past_values(V6, 9))"
0.377990199951455,0.0,V27
2.018240900011733,0.0,"(V9 * mean(past_values(V26, 9)))"
4.224785700032953,0.0,"(V2 + ((min(past_values(V14, 6)) + (V10 * V1)) - max(past_values(V10, 9))))"
9.612867399991956,0.0,"((((V27 + V23) - mean(past_values(V28, 10))) * ((V7 + V23) * max(past_values(V15, 5)))) * (((V3 * V23) + max(past_values(V19, 10))) * ((V15 + Amount) * max(past_values(V22, 5)))))"
0.374145999958273,0.0,V20
4.331437699962407,0.0,"((max(past_values(V26, 10)) - mean(past_values(V2, 6))) - max(past_values(V14, 10)))"
1.876989499956835,0.11764705882352941,"(min(past_values(V14, 6)) + V23)"
8.294973200012464,0.0,"((mean(past_values(V2, 9)) - min(past_values(V7, 6))) * ((min(past_values(V12, 10)) - max(past_values(V1, 7))) - ((V15 + V17) + mean(past_values(Amount, 9)))))"
1.8868442000239156,0.0,"(max(past_values(V22, 9)) * V22)"
3.6276462000096217,0.05405405405405406,"((min(past_values(V26, 10)) + ((V11 * Amount) - (V17 - V25))) + V5)"
0.3738102000206709,0.0,V6
8.13747150002746,0.0,"((min(past_values(V8, 5)) * ((V9 + V16) + max(past_values(V25, 8)))) - (max(past_values(V24, 6)) - (max(past_values(V26, 10)) * mean(past_values(V12, 5)))))"
0.3821579000214115,0.10526315789473684,V18
0.37490400002570823,0.0,V24
1.3918614000431262,0.0,"min(past_values(V11, 9))"
1.4103893999708816,0.0,"max(past_values(V20, 8))"
1.4034935000236146,0.0,"max(past_values(V18, 6))"
3.2840926000499167,0.0,"((V26 * min(past_values(V21, 8))) * max(past_values(V15, 8)))"
1.4029900000314228,0.0,"min(past_values(V21, 8))"
1.5713033000356518,0.0,"mean(past_values(V13, 9))"
1.3892314999829978,0.0,"max(past_values(V6, 10))"
3.2628564000478946,0.0,"((max(past_values(V23, 8)) + min(past_values(V25, 7))) + V22)"
4.331437699962407,0.0,"((max(past_values(V26, 10)) - mean(past_values(V2, 6))) - max(past_values(V14, 10)))"
4.8104458000161685,0.0,"(((V5 + max(past_values(V26, 7))) - max(past_values(V12, 10))) + mean(past_values(V15, 10)))"
1.3844252999988385,0.0,"max(past_values(V10, 6))"
1.5379681999911554,0.0,"mean(past_values(V25, 6))"
1.3945855000056326,0.0,"max(past_values(V20, 10))"
1.3946358999819495,0.0,"min(past_values(V4, 6))"
1.391220899997279,0.0,"max(past_values(V14, 6))"
3.398816999979317,0.0,"(max(past_values(V22, 7)) + (Amount + mean(past_values(V21, 5))))"
1.8528281999751925,0.0,"(V10 + min(past_values(V1, 9)))"
6.965939999965485,0.0,"(((max(past_values(V16, 10)) - mean(past_values(V10, 10))) - (Amount + (V8 - V6))) - (min(past_values(V17, 6)) + max(past_values(V7, 6))))"
0.3821579000214115,0.10526315789473684,V18
7.476947300019674,0.0,"(((V3 - mean(past_values(V17, 7))) + max(past_values(V1, 10))) * ((min(past_values(V8, 6)) * mean(past_values(V9, 9))) - ((V23 + V26) - V8)))"
4.331437699962407,0.0,"((max(past_values(V26, 10)) - mean(past_values(V2, 6))) - max(past_values(V14, 10)))"
0.36823439999716356,0.06666666666666667,V9
1.973966199962888,0.0,"(mean(past_values(V8, 6)) - V20)"
0.37672420003218576,0.0,V8
4.225589899986517,0.0,"(V10 * (mean(past_values(V18, 10)) + (max(past_values(V23, 5)) * (V7 + V28))))"
1.3999322999734432,0.0,"max(past_values(V26, 8))"
4.8123324000043795,0.0,"((max(past_values(V5, 5)) * V11) + (((V18 * V10) - (V9 + V21)) + max(past_values(V2, 10))))"
1.391220899997279,0.0,"max(past_values(V14, 6))"
1.391220899997279,0.0,"max(past_values(V14, 6))"
0.372054300038144,0.0,V28
1.381156200019177,0.0,"min(past_values(V21, 9))"
5.589509699959308,0.0,"(min(past_values(V19, 7)) - (max(past_values(V19, 10)) * (max(past_values(V21, 8)) - min(past_values(V6, 10)))))"
5.905517900013365,0.0,"(mean(past_values(V13, 10)) - ((V24 + mean(past_values(V5, 10))) * ((V16 + V6) - min(past_values(V12, 9)))))"
1.3916739999549463,0.0,"max(past_values(V11, 5))"
4.141079899971373,0.0,"(max(past_values(V3, 10)) * (max(past_values(V13, 10)) + max(past_values(V8, 8))))"
1.391220899997279,0.0,"max(past_values(V14, 6))"
1.393901499977801,0.0,"max(past_values(V8, 5))"
1.3803435000008903,0.0,"min(past_values(V7, 10))"
0.3821579000214115,0.10526315789473684,V18
0.3754198999959044,0.0,V13
5.876624499971513,0.0,"(mean(past_values(V1, 5)) + (max(past_values(V28, 7)) - (max(past_values(V23, 9)) - mean(past_values(V12, 10)))))"
4.303061300015543,0.0,"((max(past_values(V18, 10)) - (V22 * (V5 - V11))) + mean(past_values(V14, 10)))"
0.3935180000262335,0.05714285714285714,V21
3.911453499982599,0.0,"((V13 * (mean(past_values(V16, 6)) - V11)) + min(past_values(V7, 6)))"
1.391194199968595,0.0,"min(past_values(V22, 9))"
3.0084019000059925,0.0,"(max(past_values(V16, 8)) - mean(past_values(V15, 10)))"
0.36154370004078373,0.0,V24
0.37672420003218576,0.0,V8
4.863857099961024,0.0,"(((V25 * (V12 + Amount)) * ((V8 - V10) + min(past_values(V5, 7)))) * max(past_values(V4, 9)))"
1.52085100003751,0.0,"mean(past_values(V28, 6))"
1.3966568000032566,0.0,"max(past_values(V3, 6))"
2.8341681000310928,0.0,"(max(past_values(V3, 8)) - max(past_values(V5, 7)))"
4.805949800007511,0.0,"((max(past_values(V10, 7)) + mean(past_values(V15, 8))) - (max(past_values(V10, 9)) * V25))"
2.9458283000276424,0.0,"(max(past_values(V28, 5)) * mean(past_values(Amount, 8)))"
1.3915790999890305,0.0,"max(past_values(Amount, 10))"
4.381720800010953,0.0,"((max(past_values(V5, 6)) * max(past_values(V27, 9))) + mean(past_values(V25, 8)))"
3.963327100034803,0.0,"(mean(past_values(V7, 10)) + ((V4 - (V28 * V6)) + (V16 * (V8 + V2))))"
2.794288300035987,0.0,"(max(past_values(Amount, 7)) - min(past_values(V18, 6)))"
0.3821579000214115,0.10526315789473684,V18
5.070852899982128,0.0,"(((max(past_values(V25, 6)) * (V27 + V24)) * max(past_values(V20, 8))) * max(past_values(V1, 8)))"
1.3962145000114106,0.0,"max(past_values(V14, 9))"
1.377671999973245,0.0,"min(past_values(V17, 10))"
5.080227200000081,0.14285714285714285,"((max(past_values(V22, 10)) * ((V9 - Amount) + min(past_values(V4, 10)))) - min(past_values(V12, 7)))"
0.37494800001149997,0.16666666666666666,V10
7.522443699999712,0.07142857142857142,"((min(past_values(V4, 5)) + (max(past_values(V16, 5)) + (V18 - Amount))) + ((min(past_values(V16, 5)) * (V23 + V28)) + max(past_values(V22, 8))))"
0.3642721999785863,0.25,V12
1.409514200000558,0.0,"min(past_values(V21, 10))"
1.3880906000267714,0.0,"min(past_values(V14, 5))"
0.3767519000102766,0.0,V2
5.773349899973255,0.0,"(((max(past_values(V2, 9)) - mean(past_values(V25, 5))) + max(past_values(V2, 10))) - max(past_values(V2, 6)))"
1.52085100003751,0.0,"mean(past_values(V28, 6))"
0.36317859997507185,0.25,V12
0.3786060000420548,0.0,V8
1.4999236000003293,0.0,"mean(past_values(V20, 5))"
1.52085100003751,0.0,"mean(past_values(V28, 6))"
7.700657099951059,0.0,"(((min(past_values(V13, 8)) * (Amount * V7)) - max(past_values(V28, 8))) + (mean(past_values(V8, 5)) - ((V15 * V27) + mean(past_values(V5, 10)))))"
0.3629087000153959,0.16666666666666666,V10
4.863857099961024,0.0,"(((V25 * (V12 + Amount)) * ((V8 - V10) + min(past_values(V5, 7)))) * max(past_values(V4, 9)))"
0.36317859997507185,0.25,V12
1.40792440000223,0.0,"max(past_values(V16, 10))"
5.510796000016853,0.0,"(min(past_values(V1, 8)) - ((min(past_values(V20, 8)) + min(past_values(V12, 9))) + max(past_values(V11, 10))))"
1.3871044000261463,0.0,"max(past_values(V14, 6))"
2.7577002000180073,0.0,"(min(past_values(V27, 8)) * max(past_values(V20, 7)))"
1.3968416000134312,0.0,"min(past_values(V9, 7))"
1.3902940000407398,0.0,"max(past_values(V24, 7))"
1.379600299987942,0.0,"max(past_values(V2, 6))"
1.3811297999927774,0.0,"max(past_values(V8, 10))"
1.5210724000353366,0.0,"mean(past_values(V18, 9))"
6.251466099987738,0.0,"(((min(past_values(V23, 10)) * mean(past_values(V16, 10))) + max(past_values(V16, 6))) + (V22 * max(past_values(V22, 5))))"
2.2951210000319406,0.04,"(min(past_values(V2, 10)) + (V12 * V27))"
1.3808182999491692,0.0,"min(past_values(V9, 5))"
7.414374099986162,0.0,"(((mean(past_values(V24, 10)) - mean(past_values(V28, 8))) + min(past_values(V1, 8))) - (V9 + (mean(past_values(V12, 6)) * (V24 + V22))))"
1.376966000010725,0.0,"max(past_values(V21, 8))"
4.11816849996103,0.0,"((min(past_values(V18, 7)) * min(past_values(V23, 9))) - min(past_values(V18, 7)))"
1.8795502000139095,0.0,"(max(past_values(V20, 9)) - V25)"
1.3830017000436783,0.0,"max(past_values(V27, 5))"
4.207410599978175,0.0,"((V9 * ((V1 * V27) + mean(past_values(V20, 6)))) - min(past_values(V10, 7)))"
1.52085100003751,0.0,"mean(past_values(V28, 6))"
0.36317859997507185,0.25,V12
5.097935800033156,0.0,"(mean(past_values(V6, 10)) + ((V22 - mean(past_values(V24, 9))) * min(past_values(V28, 8))))"
9.338932099984959,0.0,"(((max(past_values(V3, 7)) - mean(past_values(V28, 5))) - mean(past_values(V24, 6))) - ((max(past_values(V3, 6)) * mean(past_values(V12, 8))) * (V11 * max(past_values(V21, 5)))))"
3.470637299993541,0.0,"((V7 + min(past_values(V15, 9))) * mean(past_values(V7, 10)))"
2.8008595000137575,0.0,"(max(past_values(V14, 8)) * max(past_values(V10, 5)))"
0.3785879000206478,0.0,V27
1.3840617999667302,0.0,"min(past_values(V13, 9))"
1.399174900026992,0.0,"max(past_values(V6, 8))"
1.4082029000273906,0.0,"min(past_values(V2, 8))"
5.749578799994197,0.0,"((max(past_values(V11, 9)) * mean(past_values(V18, 6))) - (max(past_values(V4, 8)) + min(past_values(V13, 9))))"
0.3824935000156984,0.06666666666666667,V9
3.4414289999986067,0.0,"((((V2 + V17) * (V22 - V9)) * min(past_values(V26, 9))) * V28)"
1.4135432000039145,0.0,"max(past_values(V24, 8))"
6.994920599972829,0.0,"(((min(past_values(V7, 8)) - mean(past_values(V9, 10))) - min(past_values(V8, 7))) * ((max(past_values(V18, 5)) + (Amount * V24)) - V1))"
8.466564600006677,0.0,"((min(past_values(V5, 8)) * ((V15 - V27) - mean(past_values(Amount, 10)))) * (((V20 * V21) * (V19 + V6)) + (mean(past_values(V16, 10)) - max(past_values(V9, 5)))))"
1.3784929999965243,0.0,"min(past_values(V18, 10))"
1.3811297999927774,0.0,"max(past_values(V8, 10))"
0.3741734000504948,0.0,V23
6.265527400013525,0.10526315789473684,"(mean(past_values(V21, 6)) * (((V24 * V20) + mean(past_values(V25, 8))) - ((V11 * V27) * max(past_values(V9, 10)))))"
0.37382480001542717,0.0,V24
0.36317859997507185,0.25,V12
1.4000897000078112,0.0,"max(past_values(V9, 9))"
6.367171899997629,0.0,"((((V7 + V15) - min(past_values(V3, 5))) * V19) * (max(past_values(V17, 6)) - (max(past_values(V8, 9)) + (V25 * Amount))))"
1.4099545999779366,0.0,"min(past_values(V5, 9))"
5.331409300037194,0.0,"((V1 - max(past_values(V16, 5))) - (mean(past_values(V15, 6)) * (V17 * min(past_values(V24, 6)))))"
1.3857091999961995,0.0,"max(past_values(V13, 5))"
1.5393746999907307,0.0,"mean(past_values(V17, 6))"
5.572228400036693,0.0,"((mean(past_values(V7, 6)) * min(past_values(V1, 6))) + ((min(past_values(V14, 9)) + (V8 - V7)) - V5))"
4.3020040999981575,0.0,"(((mean(past_values(V12, 7)) * (V2 + V24)) + V7) - max(past_values(V14, 6)))"
0.39362739998614416,0.0,V5
2.8278903999598697,0.0,"(min(past_values(V18, 6)) * max(past_values(V2, 9)))"
0.3741734000504948,0.0,V23
0.3741734000504948,0.0,V23
5.387045799987391,0.0,"((((V26 * V10) * (V10 * V23)) + (min(past_values(V13, 7)) + (V26 + V13))) * min(past_values(V4, 9)))"
5.986772699980065,0.0,"((max(past_values(V12, 5)) * (mean(past_values(V17, 5)) - mean(past_values(V17, 7)))) - mean(past_values(V19, 5)))"
0.36448879999807104,0.0,V24
0.3741734000504948,0.0,V23
1.5287976000108756,0.07692307692307693,"mean(past_values(V16, 8))"
0.3741734000504948,0.0,V23
8.372322199982591,0.06666666666666667,"((min(past_values(V11, 8)) * ((V20 * V16) - mean(past_values(V10, 8)))) + ((max(past_values(V14, 9)) + (V6 * Amount)) + ((V4 + V9) * max(past_values(V12, 5)))))"
0.36317859997507185,0.25,V12
1.4118210999877192,0.0,"max(past_values(V27, 10))"
1.540750999993179,0.0,"mean(past_values(V5, 10))"
2.8313670000061393,0.0,"(min(past_values(V1, 10)) - max(past_values(V10, 9)))"
1.5393746999907307,0.0,"mean(past_values(V17, 6))"
2.891331300023012,0.0,"(min(past_values(V2, 8)) - min(past_values(V20, 6)))"
1.607794500014279,0.0,"mean(past_values(V19, 7))"
3.4167463000048883,0.0,"((min(past_values(V23, 5)) - mean(past_values(V4, 10))) * V23)"
1.371297100035008,0.0,"max(past_values(Amount, 5))"
1.4000897000078112,0.0,"max(past_values(V9, 9))"
1.5175803999882191,0.0,"mean(past_values(V1, 8))"
0.698329399980139,0.0,(V1 - V26)
4.312855999975,0.0,"((min(past_values(V10, 6)) + min(past_values(V24, 6))) - mean(past_values(V10, 6)))"
2.9373091000015847,0.0,"(mean(past_values(V24, 6)) - min(past_values(V2, 5)))"
4.432391999987885,0.0,"((mean(past_values(V24, 10)) * max(past_values(V2, 8))) - mean(past_values(V1, 8)))"
1.5733013999997638,0.0,"mean(past_values(V1, 6))"
1.3949935999698937,0.0,"min(past_values(V15, 10))"
1.4000897000078112,0.0,"max(past_values(V9, 9))"
1.4131093000178225,0.0,"max(past_values(V23, 8))"
0.3914939999813214,0.0,V22
0.36317859997507185,0.25,V12
7.759214400022756,0.0,"((min(past_values(V8, 8)) - max(past_values(V28, 7))) + (((V4 + V2) * mean(past_values(V23, 7))) * (max(past_values(V9, 8)) + (V13 + V1))))"
0.37799660000018775,0.0,V23
5.735774900007527,0.09523809523809523,"(((max(past_values(V7, 9)) + (V3 * V16)) * min(past_values(V9, 10))) - (((V7 - V2) + (V2 * V25)) - V3))"
1.3954828000278212,0.0,"min(past_values(V9, 10))"
1.3812329999636859,0.0,"max(past_values(V14, 5))"
2.787369600031525,0.0,"(min(past_values(V10, 8)) - min(past_values(V3, 6)))"
5.652765900013037,0.0,"((((V4 + V14) * V24) - (max(past_values(V4, 10)) * mean(past_values(V17, 6)))) - max(past_values(V25, 9)))"
3.5452594999806024,0.0,"(V21 + (mean(past_values(V15, 5)) * max(past_values(Amount, 10))))"
3.4167463000048883,0.0,"((min(past_values(V23, 5)) - mean(past_values(V4, 10))) * V23)"
1.8634631999884732,0.0,"(min(past_values(V7, 8)) + V10)"
3.4167463000048883,0.0,"((min(past_values(V23, 5)) - mean(past_values(V4, 10))) * V23)"
1.5032027999986894,0.0,"mean(past_values(V10, 5))"
5.947971899993718,0.0,"(((mean(past_values(V16, 7)) * (V18 + V27)) - ((V7 + V23) + min(past_values(V14, 5)))) + min(past_values(V2, 9)))"
1.3827459000167437,0.0,"max(past_values(V1, 5))"
1.3811473000096157,0.0,"min(past_values(V18, 10))"
4.318170299986377,0.0,"((((V24 * V24) - mean(past_values(V5, 9))) * V22) - min(past_values(V13, 9)))"
3.4167463000048883,0.0,"((min(past_values(V23, 5)) - mean(past_values(V4, 10))) * V23)"
4.114327499992214,0.0,"((max(past_values(V2, 10)) - min(past_values(V24, 9))) + min(past_values(V8, 6)))"
1.3992456999840215,0.0,"min(past_values(V15, 5))"
0.36317859997507185,0.25,V12
5.631434499984607,0.125,"(mean(past_values(V11, 10)) - ((max(past_values(V2, 5)) - max(past_values(V10, 5))) - (V3 + (V16 * V2))))"
0.3742014999734238,0.0,V28
1.384320300014224,0.0,"max(past_values(V28, 6))"
1.3785716000129469,0.0,"max(past_values(V8, 9))"
0.36617349996231496,0.16666666666666666,V10
1.3845101000042632,0.0,"min(past_values(V18, 6))"
3.211007600009907,0.0,"((min(past_values(V22, 10)) * max(past_values(V25, 9))) + V26)"
0.3720192000037059,0.0,V24
1.3766841000178829,0.0,"min(past_values(V24, 5))"
5.288945699983742,0.0,"(max(past_values(V5, 8)) - (mean(past_values(V11, 5)) + ((V22 - V15) + mean(past_values(V2, 7)))))"
1.3811473000096157,0.0,"min(past_values(V18, 10))"
3.4567431999603286,0.0,"((mean(past_values(V1, 7)) - V11) - min(past_values(V17, 9)))"
0.3704699000227265,0.0,V24
1.5696250000037253,0.0,"mean(past_values(V23, 8))"
1.4228577999747358,0.0,"min(past_values(V17, 9))"
2.342529100016691,0.0,"(V26 - (min(past_values(V23, 10)) - V20))"
5.079000400030054,0.25,"((((V23 + V28) + min(past_values(V12, 10))) * ((V17 + Amount) + V6)) + min(past_values(V21, 9)))"
1.3811473000096157,0.0,"min(past_values(V18, 10))"
1.5574899999774061,0.0,"mean(past_values(V6, 7))"
0.36317859997507185,0.25,V12
0.3832251999992877,0.0,V13
2.852872200019192,0.0,"(max(past_values(Amount, 5)) * max(past_values(V23, 5)))"
1.5661277999752201,0.0,"mean(past_values(V24, 7))"
4.843492099957075,0.0,"(mean(past_values(V15, 10)) - ((min(past_values(V5, 6)) + V21) * max(past_values(V1, 10))))"
2.960227900010068,0.0,"(mean(past_values(V7, 6)) * min(past_values(V15, 8)))"
1.8819459999795072,0.0,"(max(past_values(V13, 10)) - Amount)"
0.3732367999618873,0.0,V13
1.3927111999946646,0.0,"max(past_values(V7, 6))"
1.5105807000072673,0.0,"mean(past_values(V21, 7))"
0.357614399981685,0.25,V12
1.3811473000096157,0.0,"min(past_values(V18, 10))"
5.562815100012813,0.0,"((max(past_values(V10, 7)) * min(past_values(V19, 6))) * (min(past_values(V1, 7)) + max(past_values(V15, 8))))"
4.793631899985485,0.0,"((((V3 + V5) - (V4 * V27)) - ((V18 + V14) + (V25 + V11))) + mean(past_values(V12, 8)))"
4.8596709000412375,0.0,"((max(past_values(V14, 9)) + mean(past_values(V13, 6))) - (min(past_values(V12, 10)) - V1))"
4.149571500020102,0.0,"((min(past_values(V12, 7)) * min(past_values(V23, 8))) + min(past_values(V13, 8)))"
1.5286707999766804,0.0,"mean(past_values(V7, 8))"
1.3811473000096157,0.0,"min(past_values(V18, 10))"
4.261562000028789,0.0,"(((V2 - (V25 - V13)) - mean(past_values(V4, 8))) - min(past_values(V28, 8)))"
1.891000300005544,0.0,"(max(past_values(V25, 10)) + V7)"
